/*
SQLyog Ultimate v11.24 (32 bit)
MySQL - 5.6.28-log : Database - classdb
*********************************************************************
*/

/*!40101 SET NAMES utf8 */;

/*!40101 SET SQL_MODE=''*/;

/*!40014 SET @OLD_UNIQUE_CHECKS=@@UNIQUE_CHECKS, UNIQUE_CHECKS=0 */;
/*!40014 SET @OLD_FOREIGN_KEY_CHECKS=@@FOREIGN_KEY_CHECKS, FOREIGN_KEY_CHECKS=0 */;
/*!40101 SET @OLD_SQL_MODE=@@SQL_MODE, SQL_MODE='NO_AUTO_VALUE_ON_ZERO' */;
/*!40111 SET @OLD_SQL_NOTES=@@SQL_NOTES, SQL_NOTES=0 */;
CREATE DATABASE /*!32312 IF NOT EXISTS*/`classdb` /*!40100 DEFAULT CHARACTER SET utf8 */;
DROP DATABASE IF EXISTS `classdb`;

CREATE DATABASE `classdb`;

USE `classdb`;

/*Table structure for table `class_content` */

DROP TABLE IF EXISTS `class_content`;

CREATE TABLE `class_content` (
  `id` int(11) NOT NULL AUTO_INCREMENT,
  `c_content` text,
  `tit_id` int(11) DEFAULT NULL,
  PRIMARY KEY (`id`)
) ENGINE=InnoDB AUTO_INCREMENT=99 DEFAULT CHARSET=utf8;

/*Data for the table `class_content` */

insert  into `class_content`(`id`,`c_content`,`tit_id`) values (1,'andr_1_1.PNG,andr_1_2.PNG,andr_1_3.PNG,andr_1_4.PNG,andr_1_5.PNG,andr_1_6.PNG,andr_1_7.PNG,andr_1_8.PNG,andr_1_9.PNG,andr_1_10.PNG,andr_1_11.PNG,andr_1_12.PNG,andr_1_13.PNG,andr_1_14.PNG,andr_1_15.PNG,andr_1_16.PNG,andr_1_17.PNG,andr_1_18.PNG,andr_1_19.PNG,andr_1_20.PNG,andr_1_21.PNG,andr_1_22.PNG,andr_1_23.PNG,andr_1_24.PNG,andr_1_25.PNG,andr_1_26.PNG,andr_1_27.PNG,andr_1_28.PNG,andr_1_29.PNG,andr_1_30.PNG,andr_1_31.PNG,andr_1_32.PNG,andr_1_33.PNG,andr_1_34.PNG,andr_1_35.PNG,andr_1_36.PNG,andr_1_37.PNG,andr_1_38.PNG,andr_1_39.PNG,andr_1_40.PNG,andr_1_41.PNG,andr_1_42.PNG,andr_1_43.PNG,andr_1_44.PNG,andr_1_45.PNG,andr_1_46.PNG,andr_1_47.PNG,andr_1_48.PNG,andr_1_49.PNG,andr_1_50.PNG,andr_1_51.PNG',1),(2,'andr_2_1.PNG,andr_2_2.PNG,andr_2_3.PNG,andr_2_4.PNG,andr_2_5.PNG,andr_2_6.PNG,andr_2_7.PNG,andr_2_8.PNG,andr_2_9.PNG,andr_2_10.PNG,andr_2_11.PNG,andr_2_12.PNG,andr_2_13.PNG,andr_2_14.PNG,andr_2_15.PNG,andr_2_16.PNG,andr_2_17.PNG,andr_2_18.PNG,andr_2_19.PNG,andr_2_20.PNG,andr_2_21.PNG,andr_2_22.PNG,andr_2_23.PNG,andr_2_24.PNG,andr_2_25.PNG,andr_2_26.PNG,andr_2_27.PNG,andr_2_28.PNG,andr_2_29.PNG,andr_2_30.PNG,andr_2_31.PNG,andr_2_32.PNG,andr_2_33.PNG,andr_2_34.PNG,andr_2_35.PNG',2),(3,'andr_3_1.PNG,andr_3_2.PNG,andr_3_3.PNG,andr_3_4.PNG,andr_3_5.PNG,andr_3_6.PNG,andr_3_7.PNG,andr_3_8.PNG,andr_3_9.PNG,andr_3_10.PNG,andr_3_11.PNG,andr_3_12.PNG,andr_3_13.PNG,andr_3_14.PNG,andr_3_15.PNG,andr_3_16.PNG,andr_3_17.PNG,andr_3_18.PNG,andr_3_19.PNG,andr_3_20.PNG,andr_3_21.PNG,andr_3_22.PNG,andr_3_23.PNG,andr_3_24.PNG,andr_3_25.PNG,andr_3_26.PNG,andr_3_27.PNG,andr_3_28.PNG,andr_3_29.PNG,andr_3_30.PNG,andr_3_31.PNG,andr_3_32.PNG,andr_3_33.PNG',3),(4,'andr_4_1.PNG,andr_4_2.PNG,andr_4_3.PNG,andr_4_4.PNG,andr_4_5.PNG,andr_4_6.PNG,andr_4_7.PNG,andr_4_8.PNG,andr_4_9.PNG,andr_4_10.PNG,andr_4_11.PNG,andr_4_12.PNG,andr_4_13.PNG,andr_4_14.PNG,andr_4_15.PNG,andr_4_16.PNG,andr_4_17.PNG,andr_4_18.PNG,andr_4_19.PNG,andr_4_20.PNG,andr_4_21.PNG,andr_4_22.PNG,andr_4_23.PNG,andr_4_24.PNG,andr_4_25.PNG,andr_4_26.PNG,andr_4_27.PNG,andr_4_28.PNG,andr_4_29.PNG,andr_4_30.PNG,andr_4_31.PNG,andr_4_32.PNG,andr_4_33.PNG,andr_4_34.PNG,andr_4_35.PNG,andr_4_36.PNG,andr_4_37.PNG,andr_4_38.PNG,andr_4_39.PNG,andr_4_40.PNG,andr_4_41.PNG,andr_4_42.PNG,andr_4_43.PNG,andr_4_44.PNG,andr_4_45.PNG,andr_4_46.PNG,andr_4_47.PNG,andr_4_48.PNG,andr_4_49.PNG,andr_4_50.PNG,andr_4_51.PNG,andr_4_52.PNG,andr_4_53.PNG,andr_4_54.PNG,andr_4_55.PNG,andr_4_56.PNG',4),(5,'andr_5_1.PNG,andr_5_2.PNG,andr_5_3.PNG,andr_5_4.PNG,andr_5_5.PNG,andr_5_6.PNG,andr_5_7.PNG,andr_5_8.PNG,andr_5_9.PNG,andr_5_10.PNG,andr_5_11.PNG,andr_5_12.PNG,andr_5_13.PNG,andr_5_14.PNG,andr_5_15.PNG,andr_5_16.PNG,andr_5_17.PNG,andr_5_18.PNG,andr_5_19.PNG,andr_5_20.PNG,andr_5_21.PNG,andr_5_22.PNG,andr_5_23.PNG,andr_5_24.PNG,andr_5_25.PNG,andr_5_26.PNG,andr_5_27.PNG,andr_5_28.PNG,andr_5_29.PNG,andr_5_30.PNG,andr_5_31.PNG,andr_5_32.PNG,andr_5_33.PNG,andr_5_34.PNG,andr_5_35.PNG,andr_5_36.PNG,andr_5_37.PNG,andr_5_38.PNG,andr_5_39.PNG,andr_5_40.PNG,andr_5_41.PNG,andr_5_42.PNG,andr_5_43.PNG,andr_5_44.PNG,andr_5_45.PNG,andr_5_46.PNG,andr_5_47.PNG,andr_5_48.PNG,andr_5_49.PNG,andr_5_50.PNG,andr_5_51.PNG,andr_5_52.PNG,andr_5_53.PNG,andr_5_54.PNG,andr_5_55.PNG,andr_5_56.PNG,andr_5_57.PNG',5),(6,'andr_6_1.PNG,andr_6_2.PNG,andr_6_3.PNG,andr_6_4.PNG,andr_6_5.PNG,andr_6_6.PNG,andr_6_7.PNG,andr_6_8.PNG,andr_6_9.PNG,andr_6_10.PNG,andr_6_11.PNG,andr_6_12.PNG,andr_6_13.PNG,andr_6_14.PNG,andr_6_15.PNG,andr_6_16.PNG,andr_6_17.PNG,andr_6_18.PNG,andr_6_19.PNG,andr_6_20.PNG,andr_6_21.PNG,andr_6_22.PNG,andr_6_23.PNG,andr_6_24.PNG,andr_6_25.PNG,andr_6_26.PNG,andr_6_27.PNG,andr_6_28.PNG,andr_6_29.PNG,andr_6_30.PNG,andr_6_31.PNG,andr_6_32.PNG,andr_6_33.PNG,andr_6_34.PNG,andr_6_35.PNG,andr_6_36.PNG,andr_6_37.PNG,andr_6_38.PNG,andr_6_39.PNG,andr_6_40.PNG,andr_6_41.PNG,andr_6_42.PNG,andr_6_43.PNG,andr_6_44.PNG,andr_6_45.PNG,andr_6_46.PNG,andr_6_47.PNG,andr_6_48.PNG,andr_6_49.PNG,andr_6_50.PNG,andr_6_51.PNG,andr_6_52.PNG,andr_6_53.PNG,andr_6_54.PNG,andr_6_55.PNG,andr_6_56.PNG,andr_6_57.PNG,andr_6_58.PNG,andr_6_59.PNG,andr_6_60.PNG,andr_6_61.PNG,andr_6_62.PNG,andr_6_63.PNG,andr_6_64.PNG,andr_6_65.PNG,andr_6_66.PNG,andr_6_67.PNG,andr_6_68.PNG,andr_6_69.PNG,andr_6_70.PNG,andr_6_71.PNG,andr_6_72.PNG,andr_6_73.PNG,andr_6_74.PNG,andr_6_75.PNG,andr_6_76.PNG,andr_6_77.PNG,andr_6_78.PNG,andr_6_79.PNG,andr_6_80.PNG,andr_6_81.PNG,andr_6_82.PNG,andr_6_83.PNG,andr_6_84.PNG,andr_6_85.PNG,andr_6_86.PNG',6),(7,'andr_7_1.PNG,andr_7_2.PNG,andr_7_3.PNG,andr_7_4.PNG,andr_7_5.PNG,andr_7_6.PNG,andr_7_7.PNG,andr_7_8.PNG,andr_7_9.PNG,andr_7_10.PNG,andr_7_11.PNG,andr_7_12.PNG,andr_7_13.PNG,andr_7_14.PNG,andr_7_15.PNG,andr_7_16.PNG,andr_7_17.PNG,andr_7_18.PNG,andr_7_19.PNG,andr_7_20.PNG,andr_7_21.PNG,andr_7_22.PNG,andr_7_23.PNG,andr_7_24.PNG,andr_7_25.PNG,andr_7_26.PNG,andr_7_27.PNG,andr_7_28.PNG,andr_7_29.PNG,andr_7_30.PNG,andr_7_31.PNG,andr_7_32.PNG',7),(8,'andr_8_1.PNG,andr_8_2.PNG,andr_8_3.PNG,andr_8_4.PNG,andr_8_5.PNG,andr_8_6.PNG,andr_8_7.PNG,andr_8_8.PNG,andr_8_9.PNG,andr_8_10.PNG,andr_8_11.PNG,andr_8_12.PNG,andr_8_13.PNG,andr_8_14.PNG,andr_8_15.PNG,andr_8_16.PNG,andr_8_17.PNG,andr_8_18.PNG,andr_8_19.PNG,andr_8_20.PNG,andr_8_21.PNG,andr_8_22.PNG,andr_8_23.PNG,andr_8_24.PNG,andr_8_25.PNG,andr_8_26.PNG,andr_8_27.PNG,andr_8_28.PNG,andr_8_29.PNG,andr_8_30.PNG,andr_8_31.PNG,andr_8_32.PNG,andr_8_33.PNG,andr_8_34.PNG,andr_8_35.PNG,andr_8_36.PNG',8),(9,'andr_9_1.PNG,andr_9_2.PNG,andr_9_3.PNG,andr_9_4.PNG,andr_9_5.PNG,andr_9_6.PNG,andr_9_7.PNG,andr_9_8.PNG,andr_9_9.PNG,andr_9_10.PNG,andr_9_11.PNG,andr_9_12.PNG,andr_9_13.PNG,andr_9_14.PNG,andr_9_15.PNG,andr_9_16.PNG,andr_9_17.PNG,andr_9_18.PNG,andr_9_19.PNG,andr_9_20.PNG,andr_9_21.PNG,andr_9_22.PNG,andr_9_23.PNG,andr_9_24.PNG,andr_9_25.PNG,andr_9_26.PNG,andr_9_27.PNG,andr_9_28.PNG,andr_9_29.PNG,andr_9_30.PNG,andr_9_31.PNG,andr_9_32.PNG,andr_9_33.PNG,andr_9_34.PNG,andr_9_35.PNG,andr_9_36.PNG,andr_9_37.PNG,andr_9_38.PNG,andr_9_39.PNG,andr_9_40.PNG,andr_9_41.PNG,andr_9_42.PNG,andr_9_43.PNG,andr_9_44.PNG,andr_9_45.PNG,andr_9_46.PNG,andr_9_47.PNG,andr_9_48.PNG,andr_9_49.PNG,andr_9_50.PNG,andr_9_51.PNG,andr_9_52.PNG,andr_9_53.PNG,andr_9_54.PNG',9),(10,'andr_10_1.PNG,andr_10_2.PNG,andr_10_3.PNG,andr_10_4.PNG,andr_10_5.PNG,andr_10_6.PNG,andr_10_7.PNG,andr_10_8.PNG,andr_10_9.PNG,andr_10_10.PNG,andr_10_11.PNG,andr_10_12.PNG,andr_10_13.PNG,andr_10_14.PNG,andr_10_15.PNG,andr_10_16.PNG,andr_10_17.PNG,andr_10_18.PNG,andr_10_19.PNG,andr_10_20.PNG,andr_10_21.PNG,andr_10_22.PNG,andr_10_23.PNG,andr_10_24.PNG,andr_10_25.PNG,andr_10_26.PNG,andr_10_27.PNG,andr_10_28.PNG,andr_10_29.PNG,andr_10_30.PNG,andr_10_31.PNG,andr_10_32.PNG,andr_10_33.PNG,andr_10_34.PNG,andr_10_35.PNG,andr_10_36.PNG,andr_10_37.PNG,andr_10_38.PNG,andr_10_39.PNG,andr_10_40.PNG,andr_10_41.PNG,andr_10_42.PNG,andr_10_43.PNG,andr_10_44.PNG,andr_10_45.PNG,andr_10_46.PNG,andr_10_47.PNG,andr_10_48.PNG,andr_10_49.PNG,andr_10_50.PNG,andr_10_51.PNG,andr_10_52.PNG,andr_10_53.PNG,andr_10_54.PNG,andr_10_55.PNG,andr_10_56.PNG,andr_10_57.PNG,andr_10_58.PNG',10),(11,'andr_11_1.PNG,andr_11_2.PNG,andr_11_3.PNG,andr_11_4.PNG,andr_11_5.PNG,andr_11_6.PNG,andr_11_7.PNG,andr_11_8.PNG,andr_11_9.PNG,andr_11_10.PNG,andr_11_11.PNG,andr_11_12.PNG,andr_11_13.PNG,andr_11_14.PNG,andr_11_15.PNG,andr_11_16.PNG,andr_11_17.PNG,andr_11_18.PNG,andr_11_19.PNG,andr_11_20.PNG,andr_11_21.PNG,andr_11_22.PNG,andr_11_23.PNG,andr_11_24.PNG,andr_11_25.PNG,andr_11_26.PNG,andr_11_27.PNG,andr_11_28.PNG,andr_11_29.PNG,andr_11_30.PNG,andr_11_31.PNG,andr_11_32.PNG,andr_11_33.PNG,andr_11_34.PNG,andr_11_35.PNG,andr_11_36.PNG,andr_11_37.PNG,andr_11_38.PNG,andr_11_39.PNG,andr_11_40.PNG,andr_11_41.PNG,andr_11_42.PNG,andr_11_43.PNG,andr_11_44.PNG,andr_11_45.PNG,andr_11_46.PNG,andr_11_47.PNG,andr_11_48.PNG,andr_11_49.PNG,andr_11_50.PNG,andr_11_51.PNG,andr_11_52.PNG,andr_11_53.PNG,andr_11_54.PNG,andr_11_55.PNG,andr_11_56.PNG,andr_11_57.PNG,andr_11_58.PNG,andr_11_59.PNG,andr_11_60.PNG,andr_11_61.PNG,andr_11_62.PNG,andr_11_63.PNG,andr_11_64.PNG,andr_11_65.PNG,andr_11_66.PNG,andr_11_67.PNG,andr_11_68.PNG,andr_11_69.PNG,andr_11_70.PNG,andr_11_71.PNG,andr_11_72.PNG,andr_11_73.PNG,andr_11_74.PNG,andr_11_75.PNG,andr_11_76.PNG,andr_11_77.PNG,andr_11_78.PNG,andr_11_79.PNG,andr_11_80.PNG,andr_11_81.PNG,andr_11_82.PNG,andr_11_83.PNG',11),(12,'andr_12_1.PNG,andr_12_2.PNG,andr_12_3.PNG,andr_12_4.PNG,andr_12_5.PNG,andr_12_6.PNG,andr_12_7.PNG,andr_12_8.PNG,andr_12_9.PNG,andr_12_10.PNG,andr_12_11.PNG,andr_12_12.PNG,andr_12_13.PNG,andr_12_14.PNG,andr_12_15.PNG,andr_12_16.PNG,andr_12_17.PNG,andr_12_18.PNG,andr_12_19.PNG,andr_12_20.PNG,andr_12_21.PNG,andr_12_22.PNG,andr_12_23.PNG,andr_12_24.PNG,andr_12_25.PNG,andr_12_26.PNG,andr_12_27.PNG,andr_12_28.PNG,andr_12_29.PNG,andr_12_30.PNG,andr_12_31.PNG,andr_12_32.PNG,andr_12_33.PNG,andr_12_34.PNG,andr_12_35.PNG,andr_12_36.PNG,andr_12_37.PNG,andr_12_38.PNG,andr_12_39.PNG,andr_12_40.PNG,andr_12_41.PNG,andr_12_42.PNG,andr_12_43.PNG,andr_12_44.PNG,andr_12_45.PNG,andr_12_46.PNG,andr_12_47.PNG,andr_12_48.PNG,andr_12_49.PNG,andr_12_50.PNG,andr_12_51.PNG,andr_12_52.PNG,andr_12_53.PNG,andr_12_54.PNG,andr_12_55.PNG,andr_12_56.PNG,andr_12_57.PNG,andr_12_58.PNG',12),(13,'andr_13_1.PNG,andr_13_2.PNG,andr_13_3.PNG,andr_13_4.PNG,andr_13_5.PNG,andr_13_6.PNG,andr_13_7.PNG,andr_13_8.PNG,andr_13_9.PNG,andr_13_10.PNG,andr_13_11.PNG,andr_13_12.PNG,andr_13_13.PNG,andr_13_14.PNG,andr_13_15.PNG,andr_13_16.PNG,andr_13_17.PNG,andr_13_18.PNG,andr_13_19.PNG,andr_13_20.PNG,andr_13_21.PNG,andr_13_22.PNG,andr_13_23.PNG,andr_13_24.PNG,andr_13_25.PNG,andr_13_26.PNG,andr_13_27.PNG,andr_13_28.PNG,andr_13_29.PNG,andr_13_30.PNG,andr_13_31.PNG,andr_13_32.PNG,andr_13_33.PNG,andr_13_34.PNG,andr_13_35.PNG,andr_13_36.PNG,andr_13_37.PNG,andr_13_38.PNG,andr_13_39.PNG,andr_13_40.PNG,andr_13_41.PNG,andr_13_42.PNG,andr_13_43.PNG,andr_13_44.PNG,andr_13_45.PNG,andr_13_46.PNG,andr_13_47.PNG,andr_13_48.PNG,andr_13_49.PNG,andr_13_50.PNG,andr_13_51.PNG,andr_13_52.PNG',13),(14,'andr_14_1.PNG,andr_14_2.PNG,andr_14_3.PNG,andr_14_4.PNG,andr_14_5.PNG,andr_14_6.PNG,andr_14_7.PNG,andr_14_8.PNG,andr_14_9.PNG,andr_14_10.PNG,andr_14_11.PNG,andr_14_12.PNG,andr_14_13.PNG,andr_14_14.PNG,andr_14_15.PNG,andr_14_16.PNG,andr_14_17.PNG,andr_14_18.PNG,andr_14_19.PNG,andr_14_20.PNG,andr_14_21.PNG,andr_14_22.PNG,andr_14_23.PNG,andr_14_24.PNG,andr_14_25.PNG,andr_14_26.PNG,andr_14_27.PNG',14),(15,'andr_15_1.PNG,andr_15_2.PNG,andr_15_3.PNG,andr_15_4.PNG,andr_15_5.PNG,andr_15_6.PNG,andr_15_7.PNG,andr_15_8.PNG,andr_15_9.PNG,andr_15_10.PNG,andr_15_11.PNG,andr_15_12.PNG,andr_15_13.PNG,andr_15_14.PNG,andr_15_15.PNG,andr_15_16.PNG,andr_15_17.PNG,andr_15_18.PNG,andr_15_19.PNG,andr_15_20.PNG,andr_15_21.PNG,andr_15_22.PNG,andr_15_23.PNG,andr_15_24.PNG,andr_15_25.PNG,andr_15_26.PNG,andr_15_27.PNG,andr_15_28.PNG,andr_15_29.PNG,andr_15_30.PNG,andr_15_31.PNG,andr_15_32.PNG,andr_15_33.PNG,andr_15_34.PNG,andr_15_35.PNG,andr_15_36.PNG,andr_15_37.PNG,andr_15_38.PNG,andr_15_39.PNG,andr_15_40.PNG,andr_15_41.PNG,andr_15_42.PNG,andr_15_43.PNG,andr_15_44.PNG,andr_15_45.PNG,andr_15_46.PNG,andr_15_47.PNG,andr_15_48.PNG,andr_15_49.PNG',15),(16,'andr_16_1.PNG,andr_16_2.PNG,andr_16_3.PNG,andr_16_4.PNG,andr_16_5.PNG,andr_16_6.PNG,andr_16_7.PNG,andr_16_8.PNG,andr_16_9.PNG,andr_16_10.PNG,andr_16_11.PNG,andr_16_12.PNG,andr_16_13.PNG,andr_16_14.PNG,andr_16_15.PNG,andr_16_16.PNG,andr_16_17.PNG,andr_16_18.PNG,andr_16_19.PNG,andr_16_20.PNG,andr_16_21.PNG,andr_16_22.PNG,andr_16_23.PNG,andr_16_24.PNG,andr_16_25.PNG',16),(17,'andr_17_1.PNG,andr_17_2.PNG,andr_17_3.PNG,andr_17_4.PNG,andr_17_5.PNG,andr_17_6.PNG,andr_17_7.PNG,andr_17_8.PNG',17),(18,'andr_18_1.PNG,andr_18_2.PNG,andr_18_3.PNG,andr_18_4.PNG,andr_18_5.PNG,andr_18_6.PNG,andr_18_7.PNG,andr_18_8.PNG,andr_18_9.PNG,andr_18_10.PNG,andr_18_11.PNG,andr_18_12.PNG,andr_18_13.PNG,andr_18_14.PNG,andr_18_15.PNG,andr_18_16.PNG,andr_18_17.PNG,andr_18_18.PNG,andr_18_19.PNG,andr_18_20.PNG,andr_18_21.PNG,andr_18_22.PNG,andr_18_23.PNG,andr_18_24.PNG,andr_18_25.PNG,andr_18_26.PNG,andr_18_27.PNG,andr_18_28.PNG,andr_18_29.PNG,andr_18_30.PNG,andr_18_31.PNG,andr_18_32.PNG,andr_18_33.PNG,andr_18_34.PNG,andr_18_35.PNG,andr_18_36.PNG,andr_18_37.PNG,andr_18_38.PNG,andr_18_39.PNG',18),(19,'andr_19_1.PNG,andr_19_2.PNG,andr_19_3.PNG,andr_19_4.PNG,andr_19_5.PNG,andr_19_6.PNG,andr_19_7.PNG,andr_19_8.PNG,andr_19_9.PNG,andr_19_10.PNG,andr_19_11.PNG,andr_19_12.PNG,andr_19_13.PNG,andr_19_14.PNG,andr_19_15.PNG,andr_19_16.PNG,andr_19_17.PNG,andr_19_18.PNG,andr_19_19.PNG,andr_19_20.PNG,andr_19_21.PNG,andr_19_22.PNG,andr_19_23.PNG,andr_19_24.PNG,andr_19_25.PNG,andr_19_26.PNG,andr_19_27.PNG,andr_19_28.PNG,andr_19_29.PNG,andr_19_30.PNG,andr_19_31.PNG,andr_19_32.PNG,andr_19_33.PNG,andr_19_34.PNG,andr_19_35.PNG,andr_19_36.PNG,andr_19_37.PNG,andr_19_38.PNG,andr_19_39.PNG,andr_19_40.PNG,andr_19_41.PNG,andr_19_42.PNG',19),(20,'andr_20_1.PNG,andr_20_2.PNG,andr_20_3.PNG,andr_20_4.PNG,andr_20_5.PNG,andr_20_6.PNG,andr_20_7.PNG,andr_20_8.PNG,andr_20_9.PNG,andr_20_10.PNG,andr_20_11.PNG,andr_20_12.PNG,andr_20_13.PNG,andr_20_14.PNG,andr_20_15.PNG,andr_20_16.PNG,andr_20_17.PNG,andr_20_18.PNG,andr_20_19.PNG,andr_20_20.PNG,andr_20_21.PNG,andr_20_22.PNG,andr_20_23.PNG,andr_20_24.PNG,andr_20_25.PNG,andr_20_26.PNG,andr_20_27.PNG,andr_20_28.PNG,andr_20_29.PNG,andr_20_30.PNG,andr_20_31.PNG,andr_20_32.PNG,andr_20_33.PNG,andr_20_34.PNG,andr_20_35.PNG,andr_20_36.PNG,andr_20_37.PNG,andr_20_38.PNG,andr_20_39.PNG,andr_20_40.PNG,andr_20_41.PNG,andr_20_42.PNG,andr_20_43.PNG,andr_20_44.PNG,andr_20_45.PNG,andr_20_46.PNG,andr_20_47.PNG,andr_20_48.PNG,andr_20_49.PNG,andr_20_50.PNG,andr_20_51.PNG,andr_20_52.PNG,andr_20_53.PNG,andr_20_54.PNG,andr_20_55.PNG,andr_20_56.PNG,andr_20_57.PNG,andr_20_58.PNG,andr_20_59.PNG,andr_20_60.PNG,andr_20_61.PNG,andr_20_62.PNG,andr_20_63.PNG,andr_20_64.PNG,andr_20_65.PNG,andr_20_66.PNG,andr_20_67.PNG,andr_20_68.PNG,andr_20_69.PNG,andr_20_70.PNG,andr_20_71.PNG,andr_20_72.PNG',20),(21,'andr_21_1.PNG,andr_21_2.PNG,andr_21_3.PNG,andr_21_4.PNG,andr_21_5.PNG,andr_21_6.PNG,andr_21_7.PNG,andr_21_8.PNG,andr_21_9.PNG,andr_21_10.PNG,andr_21_11.PNG,andr_21_12.PNG,andr_21_13.PNG,andr_21_14.PNG,andr_21_15.PNG,andr_21_16.PNG,andr_21_17.PNG,andr_21_18.PNG,andr_21_19.PNG,andr_21_20.PNG,andr_21_21.PNG,andr_21_22.PNG,andr_21_23.PNG,andr_21_24.PNG,andr_21_25.PNG,andr_21_26.PNG,andr_21_27.PNG,andr_21_28.PNG,andr_21_29.PNG,andr_21_30.PNG,andr_21_31.PNG,andr_21_32.PNG,andr_21_33.PNG,andr_21_34.PNG,andr_21_35.PNG,andr_21_36.PNG,andr_21_37.PNG,andr_21_38.PNG,andr_21_39.PNG,andr_21_40.PNG,andr_21_41.PNG',21),(22,'andr_22_1.PNG,andr_22_2.PNG,andr_22_3.PNG,andr_22_4.PNG,andr_22_5.PNG,andr_22_6.PNG,andr_22_7.PNG,andr_22_8.PNG,andr_22_9.PNG,andr_22_10.PNG,andr_22_11.PNG,andr_22_12.PNG,andr_22_13.PNG,andr_22_14.PNG,andr_22_15.PNG,andr_22_16.PNG,andr_22_17.PNG,andr_22_18.PNG,andr_22_19.PNG,andr_22_20.PNG,andr_22_21.PNG,andr_22_22.PNG,andr_22_23.PNG,andr_22_24.PNG,andr_22_25.PNG,andr_22_26.PNG,andr_22_27.PNG,andr_22_28.PNG,andr_22_29.PNG,andr_22_30.PNG,andr_22_31.PNG,andr_22_32.PNG,andr_22_33.PNG,andr_22_34.PNG,andr_22_35.PNG,andr_22_36.PNG,andr_22_37.PNG,andr_22_38.PNG,andr_22_39.PNG,andr_22_40.PNG,andr_22_41.PNG',22),(23,'c_1_1.PNG,c_1_2.PNG,c_1_3.PNG,c_1_4.PNG,c_1_5.PNG,c_1_6.PNG,c_1_7.PNG,c_1_8.PNG,c_1_9.PNG',23),(24,'c_2_1.PNG,c_2_2.PNG,c_2_3.PNG,c_2_4.PNG,c_2_5.PNG,c_2_6.PNG,c_2_7.PNG,c_2_8.PNG,c_2_9.PNG,c_2_10.PNG,c_2_11.PNG,c_2_12.PNG,c_2_13.PNG,c_2_14.PNG,c_2_15.PNG,c_2_16.PNG,c_2_17.PNG,c_2_18.PNG,c_2_19.PNG,c_2_20.PNG,c_2_21.PNG,c_2_22.PNG,c_2_23.PNG,c_2_24.PNG,c_2_25.PNG,c_2_26.PNG,c_2_27.PNG,c_2_28.PNG,c_2_29.PNG,c_2_30.PNG,c_2_31.PNG,c_2_32.PNG,c_2_33.PNG,c_2_34.PNG,c_2_35.PNG,c_2_36.PNG,c_2_37.PNG,c_2_38.PNG,c_2_39.PNG,c_2_40.PNG,c_2_41.PNG,c_2_42.PNG,c_2_43.PNG,c_2_44.PNG,c_2_45.PNG,c_2_46.PNG,c_2_47.PNG,c_2_48.PNG,c_2_49.PNG,c_2_50.PNG,c_2_51.PNG,c_2_52.PNG,c_2_53.PNG,c_2_54.PNG,c_2_55.PNG,c_2_56.PNG,c_2_57.PNG,c_2_58.PNG,c_2_59.PNG,c_2_60.PNG,c_2_61.PNG,c_2_62.PNG,c_2_63.PNG,c_2_64.PNG,c_2_65.PNG,c_2_66.PNG,c_2_67.PNG,c_2_68.PNG,c_2_69.PNG,c_2_70.PNG,c_2_71.PNG,c_2_72.PNG,c_2_73.PNG,c_2_74.PNG,c_2_75.PNG,c_2_76.PNG,c_2_77.PNG,c_2_78.PNG,c_2_79.PNG,c_2_80.PNG,c_2_81.PNG,c_2_82.PNG,c_2_83.PNG,c_2_84.PNG,c_2_85.PNG,c_2_86.PNG,c_2_87.PNG,c_2_88.PNG,c_2_89.PNG,c_2_90.PNG,c_2_91.PNG,c_2_92.PNG,c_2_93.PNG,c_2_94.PNG,c_2_95.PNG,c_2_96.PNG,c_2_97.PNG,c_2_98.PNG,c_2_99.PNG,c_2_100.PNG,c_2_101.PNG,c_2_102.PNG,c_2_103.PNG,c_2_104.PNG,c_2_105.PNG,c_2_106.PNG,c_2_107.PNG,c_2_108.PNG,c_2_109.PNG,c_2_110.PNG,c_2_111.PNG,c_2_112.PNG,c_2_113.PNG,c_2_114.PNG,c_2_115.PNG,c_2_116.PNG,c_2_117.PNG,c_2_118.PNG,c_2_119.PNG,c_2_120.PNG,c_2_121.PNG,c_2_122.PNG,c_2_123.PNG,c_2_124.PNG,c_2_125.PNG,c_2_126.PNG,c_2_127.PNG,c_2_128.PNG,c_2_129.PNG,c_2_130.PNG,c_2_131.PNG,c_2_132.PNG,c_2_133.PNG,c_2_134.PNG,c_2_135.PNG,c_2_136.PNG,c_2_137.PNG,c_2_138.PNG,c_2_139.PNG,c_2_140.PNG,c_2_141.PNG,c_2_142.PNG,c_2_143.PNG,c_2_144.PNG,c_2_145.PNG,c_2_146.PNG,c_2_147.PNG,c_2_148.PNG,c_2_149.PNG,c_2_150.PNG,c_2_151.PNG,c_2_152.PNG,c_2_153.PNG,c_2_154.PNG,c_2_155.PNG,c_2_156.PNG,c_2_157.PNG,c_2_158.PNG,c_2_159.PNG,c_2_160.PNG,c_2_161.PNG,c_2_162.PNG,c_2_163.PNG,c_2_164.PNG,c_2_165.PNG,c_2_166.PNG,c_2_167.PNG,c_2_168.PNG,c_2_169.PNG,c_2_170.PNG,c_2_171.PNG,c_2_172.PNG,c_2_173.PNG,c_2_174.PNG,c_2_175.PNG,c_2_176.PNG,c_2_177.PNG,c_2_178.PNG,c_2_179.PNG,c_2_180.PNG,c_2_181.PNG,c_2_182.PNG,c_2_183.PNG,c_2_184.PNG',24),(25,'c_3_1.PNG,c_3_2.PNG,c_3_3.PNG,c_3_4.PNG,c_3_5.PNG,c_3_6.PNG,c_3_7.PNG,c_3_8.PNG,c_3_9.PNG,c_3_10.PNG,c_3_11.PNG,c_3_12.PNG,c_3_13.PNG,c_3_14.PNG,c_3_15.PNG,c_3_16.PNG,c_3_17.PNG,c_3_18.PNG,c_3_19.PNG,c_3_20.PNG,c_3_21.PNG,c_3_22.PNG,c_3_23.PNG,c_3_24.PNG,c_3_25.PNG,c_3_26.PNG,c_3_27.PNG,c_3_28.PNG,c_3_29.PNG,c_3_30.PNG,c_3_31.PNG,c_3_32.PNG,c_3_33.PNG,c_3_34.PNG,c_3_35.PNG,c_3_36.PNG,c_3_37.PNG,c_3_38.PNG,c_3_39.PNG,c_3_40.PNG,c_3_41.PNG,c_3_42.PNG,c_3_43.PNG,c_3_44.PNG,c_3_45.PNG,c_3_46.PNG,c_3_47.PNG,c_3_48.PNG,c_3_49.PNG,c_3_50.PNG,c_3_51.PNG,c_3_52.PNG,c_3_53.PNG,c_3_54.PNG,c_3_55.PNG,c_3_56.PNG,c_3_57.PNG,c_3_58.PNG,c_3_59.PNG,c_3_60.PNG,c_3_61.PNG,c_3_62.PNG,c_3_63.PNG,c_3_64.PNG,c_3_65.PNG,c_3_66.PNG,c_3_67.PNG,c_3_68.PNG,c_3_69.PNG,c_3_70.PNG,c_3_71.PNG,c_3_72.PNG,c_3_73.PNG,c_3_74.PNG,c_3_75.PNG,c_3_76.PNG,c_3_77.PNG,c_3_78.PNG,c_3_79.PNG,c_3_80.PNG,c_3_81.PNG,c_3_82.PNG,c_3_83.PNG,c_3_84.PNG,c_3_85.PNG,c_3_86.PNG,c_3_87.PNG,c_3_88.PNG,c_3_89.PNG,c_3_90.PNG,c_3_91.PNG,c_3_92.PNG,c_3_93.PNG,c_3_94.PNG,c_3_95.PNG,c_3_96.PNG,c_3_97.PNG,c_3_98.PNG,c_3_99.PNG,c_3_100.PNG,c_3_101.PNG,c_3_102.PNG,c_3_103.PNG,c_3_104.PNG,c_3_105.PNG,c_3_106.PNG,c_3_107.PNG,c_3_108.PNG,c_3_109.PNG,c_3_110.PNG,c_3_111.PNG,c_3_112.PNG,c_3_113.PNG,c_3_114.PNG,c_3_115.PNG,c_3_116.PNG,c_3_117.PNG,c_3_118.PNG,c_3_119.PNG,c_3_120.PNG,c_3_121.PNG,c_3_122.PNG,c_3_123.PNG,c_3_124.PNG,c_3_125.PNG,c_3_126.PNG,c_3_127.PNG,c_3_128.PNG,c_3_129.PNG,c_3_130.PNG,c_3_131.PNG,c_3_132.PNG,c_3_133.PNG,c_3_134.PNG,c_3_135.PNG,c_3_136.PNG,c_3_137.PNG,c_3_138.PNG,c_3_139.PNG,c_3_140.PNG,c_3_141.PNG,c_3_142.PNG,c_3_143.PNG,c_3_144.PNG,c_3_145.PNG,c_3_146.PNG,c_3_147.PNG,c_3_148.PNG,c_3_149.PNG,c_3_150.PNG,c_3_151.PNG,c_3_152.PNG,c_3_153.PNG,c_3_154.PNG,c_3_155.PNG,c_3_156.PNG,c_3_157.PNG,c_3_158.PNG,c_3_159.PNG,c_3_160.PNG,c_3_161.PNG,c_3_162.PNG,c_3_163.PNG,c_3_164.PNG,c_3_165.PNG,c_3_166.PNG,c_3_167.PNG,c_3_168.PNG,c_3_169.PNG,c_3_170.PNG,c_3_171.PNG,c_3_172.PNG,c_3_173.PNG,c_3_174.PNG,c_3_175.PNG,c_3_176.PNG,c_3_177.PNG,c_3_178.PNG,c_3_179.PNG,c_3_180.PNG,c_3_181.PNG,c_3_182.PNG,c_3_183.PNG,c_3_184.PNG,c_3_185.PNG,c_3_186.PNG,c_3_187.PNG,c_3_188.PNG,c_3_189.PNG,c_3_190.PNG,c_3_191.PNG,c_3_192.PNG,c_3_193.PNG,c_3_194.PNG,c_3_195.PNG,c_3_196.PNG,c_3_197.PNG,c_3_198.PNG,c_3_199.PNG,c_3_200.PNG,c_3_201.PNG,c_3_202.PNG,c_3_203.PNG,c_3_204.PNG,c_3_205.PNG,c_3_206.PNG,c_3_207.PNG,c_3_208.PNG,c_3_209.PNG,c_3_210.PNG,c_3_211.PNG,c_3_212.PNG,c_3_213.PNG,c_3_214.PNG,c_3_215.PNG,c_3_216.PNG,c_3_217.PNG,c_3_218.PNG,c_3_219.PNG,c_3_220.PNG,c_3_221.PNG,c_3_222.PNG,c_3_223.PNG,c_3_224.PNG,c_3_225.PNG,c_3_226.PNG,c_3_227.PNG,c_3_228.PNG,c_3_229.PNG,c_3_230.PNG,c_3_231.PNG,c_3_232.PNG,c_3_233.PNG,c_3_234.PNG,c_3_235.PNG,c_3_236.PNG,c_3_237.PNG,c_3_238.PNG',25),(26,'c_4_1.PNG,c_4_2.PNG,c_4_3.PNG,c_4_4.PNG,c_4_5.PNG,c_4_6.PNG,c_4_7.PNG,c_4_8.PNG,c_4_9.PNG,c_4_10.PNG,c_4_11.PNG,c_4_12.PNG,c_4_13.PNG,c_4_14.PNG,c_4_15.PNG,c_4_16.PNG,c_4_17.PNG,c_4_18.PNG,c_4_19.PNG,c_4_20.PNG,c_4_21.PNG,c_4_22.PNG,c_4_23.PNG,c_4_24.PNG,c_4_25.PNG,c_4_26.PNG,c_4_27.PNG,c_4_28.PNG,c_4_29.PNG,c_4_30.PNG,c_4_31.PNG,c_4_32.PNG,c_4_33.PNG,c_4_34.PNG,c_4_35.PNG,c_4_36.PNG,c_4_37.PNG,c_4_38.PNG,c_4_39.PNG,c_4_40.PNG,c_4_41.PNG,c_4_42.PNG,c_4_43.PNG,c_4_44.PNG,c_4_45.PNG,c_4_46.PNG,c_4_47.PNG,c_4_48.PNG,c_4_49.PNG,c_4_50.PNG,c_4_51.PNG,c_4_52.PNG,c_4_53.PNG,c_4_54.PNG,c_4_55.PNG,c_4_56.PNG,c_4_57.PNG,c_4_58.PNG,c_4_59.PNG,c_4_60.PNG,c_4_61.PNG,c_4_62.PNG,c_4_63.PNG,c_4_64.PNG,c_4_65.PNG,c_4_66.PNG,c_4_67.PNG,c_4_68.PNG,c_4_69.PNG,c_4_70.PNG,c_4_71.PNG,c_4_72.PNG,c_4_73.PNG,c_4_74.PNG,c_4_75.PNG,c_4_76.PNG,c_4_77.PNG,c_4_78.PNG,c_4_79.PNG,c_4_80.PNG,c_4_81.PNG,c_4_82.PNG,c_4_83.PNG,c_4_84.PNG,c_4_85.PNG,c_4_86.PNG,c_4_87.PNG,c_4_88.PNG,c_4_89.PNG,c_4_90.PNG,c_4_91.PNG,c_4_92.PNG,c_4_93.PNG,c_4_94.PNG,c_4_95.PNG,c_4_96.PNG,c_4_97.PNG,c_4_98.PNG,c_4_99.PNG,c_4_100.PNG,c_4_101.PNG,c_4_102.PNG,c_4_103.PNG,c_4_104.PNG,c_4_105.PNG,c_4_106.PNG,c_4_107.PNG,c_4_108.PNG,c_4_109.PNG,c_4_110.PNG,c_4_111.PNG,c_4_112.PNG,c_4_113.PNG,c_4_114.PNG,c_4_115.PNG,c_4_116.PNG,c_4_117.PNG,c_4_118.PNG,c_4_119.PNG,c_4_120.PNG,c_4_121.PNG,c_4_122.PNG,c_4_123.PNG,c_4_124.PNG,c_4_125.PNG,c_4_126.PNG,c_4_127.PNG,c_4_128.PNG,c_4_129.PNG,c_4_130.PNG,c_4_131.PNG,c_4_132.PNG,c_4_133.PNG,c_4_134.PNG,c_4_135.PNG,c_4_136.PNG,c_4_137.PNG,c_4_138.PNG,c_4_139.PNG,c_4_140.PNG,c_4_141.PNG,c_4_142.PNG,c_4_143.PNG,c_4_144.PNG,c_4_145.PNG,c_4_146.PNG,c_4_147.PNG,c_4_148.PNG,c_4_149.PNG,c_4_150.PNG,c_4_151.PNG,c_4_152.PNG,c_4_153.PNG,c_4_154.PNG,c_4_155.PNG,c_4_156.PNG,c_4_157.PNG,c_4_158.PNG,c_4_159.PNG,c_4_160.PNG,c_4_161.PNG,c_4_162.PNG,c_4_163.PNG,c_4_164.PNG,c_4_165.PNG,c_4_166.PNG,c_4_167.PNG,c_4_168.PNG,c_4_169.PNG,c_4_170.PNG,c_4_171.PNG,c_4_172.PNG,c_4_173.PNG,c_4_174.PNG,c_4_175.PNG,c_4_176.PNG,c_4_177.PNG,c_4_178.PNG,c_4_179.PNG,c_4_180.PNG,c_4_181.PNG,c_4_182.PNG,c_4_183.PNG,c_4_184.PNG,c_4_185.PNG,c_4_186.PNG,c_4_187.PNG,c_4_188.PNG,c_4_189.PNG,c_4_190.PNG,c_4_191.PNG,c_4_192.PNG,c_4_193.PNG,c_4_194.PNG,c_4_195.PNG,c_4_196.PNG,c_4_197.PNG,c_4_198.PNG,c_4_199.PNG',26),(27,'c_5_1.PNG,c_5_2.PNG,c_5_3.PNG,c_5_4.PNG,c_5_5.PNG,c_5_6.PNG,c_5_7.PNG,c_5_8.PNG,c_5_9.PNG,c_5_10.PNG,c_5_11.PNG,c_5_12.PNG,c_5_13.PNG,c_5_14.PNG,c_5_15.PNG,c_5_16.PNG,c_5_17.PNG,c_5_18.PNG,c_5_19.PNG,c_5_20.PNG,c_5_21.PNG,c_5_22.PNG,c_5_23.PNG,c_5_24.PNG,c_5_25.PNG,c_5_26.PNG,c_5_27.PNG,c_5_28.PNG,c_5_29.PNG,c_5_30.PNG,c_5_31.PNG,c_5_32.PNG,c_5_33.PNG,c_5_34.PNG,c_5_35.PNG,c_5_36.PNG,c_5_37.PNG,c_5_38.PNG,c_5_39.PNG,c_5_40.PNG,c_5_41.PNG,c_5_42.PNG,c_5_43.PNG,c_5_44.PNG,c_5_45.PNG,c_5_46.PNG,c_5_47.PNG,c_5_48.PNG,c_5_49.PNG,c_5_50.PNG,c_5_51.PNG,c_5_52.PNG,c_5_53.PNG,c_5_54.PNG,c_5_55.PNG,c_5_56.PNG,c_5_57.PNG,c_5_58.PNG,c_5_59.PNG,c_5_60.PNG,c_5_61.PNG,c_5_62.PNG,c_5_63.PNG,c_5_64.PNG,c_5_65.PNG,c_5_66.PNG,c_5_67.PNG,c_5_68.PNG,c_5_69.PNG,c_5_70.PNG,c_5_71.PNG,c_5_72.PNG,c_5_73.PNG,c_5_74.PNG,c_5_75.PNG,c_5_76.PNG,c_5_77.PNG,c_5_78.PNG,c_5_79.PNG,c_5_80.PNG,c_5_81.PNG,c_5_82.PNG,c_5_83.PNG,c_5_84.PNG,c_5_85.PNG,c_5_86.PNG,c_5_87.PNG,c_5_88.PNG,c_5_89.PNG,c_5_90.PNG,c_5_91.PNG,c_5_92.PNG,c_5_93.PNG,c_5_94.PNG,c_5_95.PNG,c_5_96.PNG,c_5_97.PNG,c_5_98.PNG,c_5_99.PNG,c_5_100.PNG,c_5_101.PNG,c_5_102.PNG,c_5_103.PNG,c_5_104.PNG,c_5_105.PNG,c_5_106.PNG,c_5_107.PNG,c_5_108.PNG,c_5_109.PNG,c_5_110.PNG,c_5_111.PNG,c_5_112.PNG,c_5_113.PNG,c_5_114.PNG,c_5_115.PNG,c_5_116.PNG,c_5_117.PNG,c_5_118.PNG,c_5_119.PNG,c_5_120.PNG,c_5_121.PNG,c_5_122.PNG,c_5_123.PNG,c_5_124.PNG,c_5_125.PNG,c_5_126.PNG,c_5_127.PNG,c_5_128.PNG,c_5_129.PNG,c_5_130.PNG,c_5_131.PNG,c_5_132.PNG,c_5_133.PNG,c_5_134.PNG,c_5_135.PNG,c_5_136.PNG,c_5_137.PNG,c_5_138.PNG,c_5_139.PNG,c_5_140.PNG,c_5_141.PNG,c_5_142.PNG,c_5_143.PNG,c_5_144.PNG,c_5_145.PNG,c_5_146.PNG,c_5_147.PNG,c_5_148.PNG,c_5_149.PNG,c_5_150.PNG,c_5_151.PNG,c_5_152.PNG,c_5_153.PNG,c_5_154.PNG,c_5_155.PNG,c_5_156.PNG,c_5_157.PNG,c_5_158.PNG,c_5_159.PNG,c_5_160.PNG,c_5_161.PNG,c_5_162.PNG,c_5_163.PNG,c_5_164.PNG,c_5_165.PNG,c_5_166.PNG,c_5_167.PNG,c_5_168.PNG,c_5_169.PNG,c_5_170.PNG,c_5_171.PNG,c_5_172.PNG,c_5_173.PNG,c_5_174.PNG,c_5_175.PNG,c_5_176.PNG,c_5_177.PNG,c_5_178.PNG,c_5_179.PNG,c_5_180.PNG,c_5_181.PNG,c_5_182.PNG,c_5_183.PNG,c_5_184.PNG,c_5_185.PNG,c_5_186.PNG,c_5_187.PNG,c_5_188.PNG,c_5_189.PNG,c_5_190.PNG,c_5_191.PNG,c_5_192.PNG,c_5_193.PNG,c_5_194.PNG,c_5_195.PNG,c_5_196.PNG,c_5_197.PNG,c_5_198.PNG,c_5_199.PNG,c_5_200.PNG,c_5_201.PNG,c_5_202.PNG,c_5_203.PNG,c_5_204.PNG,c_5_205.PNG,c_5_206.PNG,c_5_207.PNG,c_5_208.PNG,c_5_209.PNG,c_5_210.PNG,c_5_211.PNG,c_5_212.PNG,c_5_213.PNG,c_5_214.PNG,c_5_215.PNG,c_5_216.PNG,c_5_217.PNG,c_5_218.PNG,c_5_219.PNG,c_5_220.PNG,c_5_221.PNG,c_5_222.PNG,c_5_223.PNG,c_5_224.PNG,c_5_225.PNG,c_5_226.PNG,c_5_227.PNG,c_5_228.PNG,c_5_229.PNG',27),(28,'c_6_1.PNG,c_6_2.PNG,c_6_3.PNG,c_6_4.PNG,c_6_5.PNG,c_6_6.PNG,c_6_7.PNG,c_6_8.PNG,c_6_9.PNG,c_6_10.PNG,c_6_11.PNG,c_6_12.PNG,c_6_13.PNG,c_6_14.PNG,c_6_15.PNG,c_6_16.PNG,c_6_17.PNG,c_6_18.PNG,c_6_19.PNG,c_6_20.PNG,c_6_21.PNG,c_6_22.PNG,c_6_23.PNG,c_6_24.PNG,c_6_25.PNG,c_6_26.PNG,c_6_27.PNG,c_6_28.PNG,c_6_29.PNG,c_6_30.PNG,c_6_31.PNG,c_6_32.PNG,c_6_33.PNG,c_6_34.PNG,c_6_35.PNG,c_6_36.PNG,c_6_37.PNG,c_6_38.PNG,c_6_39.PNG,c_6_40.PNG,c_6_41.PNG,c_6_42.PNG,c_6_43.PNG,c_6_44.PNG,c_6_45.PNG,c_6_46.PNG,c_6_47.PNG,c_6_48.PNG,c_6_49.PNG,c_6_50.PNG,c_6_51.PNG,c_6_52.PNG,c_6_53.PNG,c_6_54.PNG,c_6_55.PNG,c_6_56.PNG,c_6_57.PNG,c_6_58.PNG,c_6_59.PNG,c_6_60.PNG,c_6_61.PNG,c_6_62.PNG,c_6_63.PNG,c_6_64.PNG,c_6_65.PNG,c_6_66.PNG,c_6_67.PNG,c_6_68.PNG,c_6_69.PNG,c_6_70.PNG,c_6_71.PNG,c_6_72.PNG,c_6_73.PNG,c_6_74.PNG,c_6_75.PNG,c_6_76.PNG,c_6_77.PNG,c_6_78.PNG,c_6_79.PNG,c_6_80.PNG,c_6_81.PNG,c_6_82.PNG,c_6_83.PNG,c_6_84.PNG,c_6_85.PNG,c_6_86.PNG,c_6_87.PNG,c_6_88.PNG,c_6_89.PNG,c_6_90.PNG,c_6_91.PNG,c_6_92.PNG,c_6_93.PNG,c_6_94.PNG,c_6_95.PNG,c_6_96.PNG,c_6_97.PNG,c_6_98.PNG,c_6_99.PNG,c_6_100.PNG,c_6_101.PNG,c_6_102.PNG,c_6_103.PNG,c_6_104.PNG,c_6_105.PNG,c_6_106.PNG,c_6_107.PNG,c_6_108.PNG,c_6_109.PNG,c_6_110.PNG,c_6_111.PNG,c_6_112.PNG,c_6_113.PNG,c_6_114.PNG,c_6_115.PNG,c_6_116.PNG,c_6_117.PNG,c_6_118.PNG,c_6_119.PNG,c_6_120.PNG,c_6_121.PNG,c_6_122.PNG,c_6_123.PNG,c_6_124.PNG,c_6_125.PNG,c_6_126.PNG,c_6_127.PNG,c_6_128.PNG,c_6_129.PNG,c_6_130.PNG,c_6_131.PNG,c_6_132.PNG,c_6_133.PNG,c_6_134.PNG,c_6_135.PNG,c_6_136.PNG,c_6_137.PNG,c_6_138.PNG,c_6_139.PNG,c_6_140.PNG,c_6_141.PNG,c_6_142.PNG,c_6_143.PNG,c_6_144.PNG,c_6_145.PNG,c_6_146.PNG,c_6_147.PNG,c_6_148.PNG,c_6_149.PNG,c_6_150.PNG,c_6_151.PNG,c_6_152.PNG,c_6_153.PNG,c_6_154.PNG,c_6_155.PNG,c_6_156.PNG,c_6_157.PNG,c_6_158.PNG,c_6_159.PNG,c_6_160.PNG,c_6_161.PNG,c_6_162.PNG,c_6_163.PNG,c_6_164.PNG,c_6_165.PNG,c_6_166.PNG,c_6_167.PNG,c_6_168.PNG,c_6_169.PNG,c_6_170.PNG,c_6_171.PNG,c_6_172.PNG,c_6_173.PNG,c_6_174.PNG,c_6_175.PNG,c_6_176.PNG,c_6_177.PNG,c_6_178.PNG,c_6_179.PNG,c_6_180.PNG,c_6_181.PNG,c_6_182.PNG,c_6_183.PNG,c_6_184.PNG,c_6_185.PNG,c_6_186.PNG,c_6_187.PNG,c_6_188.PNG,c_6_189.PNG,c_6_190.PNG,c_6_191.PNG,c_6_192.PNG,c_6_193.PNG,c_6_194.PNG,c_6_195.PNG,c_6_196.PNG,c_6_197.PNG,c_6_198.PNG,c_6_199.PNG,c_6_200.PNG,c_6_201.PNG,c_6_202.PNG,c_6_203.PNG,c_6_204.PNG,c_6_205.PNG,c_6_206.PNG,c_6_207.PNG,c_6_208.PNG,c_6_209.PNG,c_6_210.PNG,c_6_211.PNG,c_6_212.PNG,c_6_213.PNG,c_6_214.PNG,c_6_215.PNG,c_6_216.PNG,c_6_217.PNG,c_6_218.PNG,c_6_219.PNG,c_6_220.PNG,c_6_221.PNG,c_6_222.PNG,c_6_223.PNG,c_6_224.PNG,c_6_225.PNG,c_6_226.PNG,c_6_227.PNG,c_6_228.PNG,c_6_229.PNG,c_6_230.PNG,c_6_231.PNG,c_6_232.PNG,c_6_233.PNG,c_6_234.PNG,c_6_235.PNG,c_6_236.PNG,c_6_237.PNG,c_6_238.PNG,c_6_239.PNG,c_6_240.PNG,c_6_241.PNG',28),(29,'c_7_1.PNG,c_7_2.PNG,c_7_3.PNG,c_7_4.PNG,c_7_5.PNG,c_7_6.PNG,c_7_7.PNG,c_7_8.PNG,c_7_9.PNG,c_7_10.PNG,c_7_11.PNG,c_7_12.PNG,c_7_13.PNG,c_7_14.PNG,c_7_15.PNG,c_7_16.PNG,c_7_17.PNG,c_7_18.PNG,c_7_19.PNG,c_7_20.PNG,c_7_21.PNG,c_7_22.PNG,c_7_23.PNG,c_7_24.PNG,c_7_25.PNG,c_7_26.PNG,c_7_27.PNG,c_7_28.PNG,c_7_29.PNG,c_7_30.PNG,c_7_31.PNG,c_7_32.PNG,c_7_33.PNG,c_7_34.PNG,c_7_35.PNG,c_7_36.PNG,c_7_37.PNG,c_7_38.PNG,c_7_39.PNG,c_7_40.PNG,c_7_41.PNG,c_7_42.PNG,c_7_43.PNG,c_7_44.PNG,c_7_45.PNG,c_7_46.PNG,c_7_47.PNG,c_7_48.PNG,c_7_49.PNG,c_7_50.PNG,c_7_51.PNG,c_7_52.PNG,c_7_53.PNG,c_7_54.PNG,c_7_55.PNG,c_7_56.PNG,c_7_57.PNG,c_7_58.PNG,c_7_59.PNG,c_7_60.PNG,c_7_61.PNG,c_7_62.PNG,c_7_63.PNG,c_7_64.PNG,c_7_65.PNG,c_7_66.PNG,c_7_67.PNG,c_7_68.PNG,c_7_69.PNG,c_7_70.PNG,c_7_71.PNG,c_7_72.PNG,c_7_73.PNG,c_7_74.PNG,c_7_75.PNG,c_7_76.PNG,c_7_77.PNG,c_7_78.PNG,c_7_79.PNG,c_7_80.PNG,c_7_81.PNG,c_7_82.PNG,c_7_83.PNG,c_7_84.PNG,c_7_85.PNG,c_7_86.PNG,c_7_87.PNG,c_7_88.PNG,c_7_89.PNG,c_7_90.PNG,c_7_91.PNG,c_7_92.PNG,c_7_93.PNG,c_7_94.PNG,c_7_95.PNG,c_7_96.PNG,c_7_97.PNG,c_7_98.PNG,c_7_99.PNG,c_7_100.PNG,c_7_101.PNG,c_7_102.PNG,c_7_103.PNG,c_7_104.PNG,c_7_105.PNG,c_7_106.PNG,c_7_107.PNG,c_7_108.PNG,c_7_109.PNG,c_7_110.PNG,c_7_111.PNG,c_7_112.PNG,c_7_113.PNG,c_7_114.PNG,c_7_115.PNG,c_7_116.PNG,c_7_117.PNG,c_7_118.PNG,c_7_119.PNG,c_7_120.PNG,c_7_121.PNG,c_7_122.PNG,c_7_123.PNG,c_7_124.PNG,c_7_125.PNG,c_7_126.PNG,c_7_127.PNG,c_7_128.PNG,c_7_129.PNG,c_7_130.PNG,c_7_131.PNG,c_7_132.PNG,c_7_133.PNG,c_7_134.PNG,c_7_135.PNG,c_7_136.PNG,c_7_137.PNG,c_7_138.PNG,c_7_139.PNG,c_7_140.PNG,c_7_141.PNG,c_7_142.PNG,c_7_143.PNG,c_7_144.PNG,c_7_145.PNG,c_7_146.PNG,c_7_147.PNG,c_7_148.PNG,c_7_149.PNG,c_7_150.PNG,c_7_151.PNG,c_7_152.PNG,c_7_153.PNG,c_7_154.PNG,c_7_155.PNG,c_7_156.PNG,c_7_157.PNG,c_7_158.PNG,c_7_159.PNG,c_7_160.PNG,c_7_161.PNG,c_7_162.PNG,c_7_163.PNG,c_7_164.PNG,c_7_165.PNG,c_7_166.PNG,c_7_167.PNG,c_7_168.PNG,c_7_169.PNG',29),(30,'c_8_1.PNG,c_8_2.PNG,c_8_3.PNG,c_8_4.PNG,c_8_5.PNG,c_8_6.PNG,c_8_7.PNG,c_8_8.PNG,c_8_9.PNG,c_8_10.PNG,c_8_11.PNG,c_8_12.PNG,c_8_13.PNG,c_8_14.PNG,c_8_15.PNG,c_8_16.PNG,c_8_17.PNG,c_8_18.PNG,c_8_19.PNG,c_8_20.PNG,c_8_21.PNG,c_8_22.PNG,c_8_23.PNG,c_8_24.PNG,c_8_25.PNG,c_8_26.PNG,c_8_27.PNG,c_8_28.PNG,c_8_29.PNG,c_8_30.PNG,c_8_31.PNG,c_8_32.PNG,c_8_33.PNG,c_8_34.PNG,c_8_35.PNG,c_8_36.PNG,c_8_37.PNG,c_8_38.PNG,c_8_39.PNG,c_8_40.PNG,c_8_41.PNG,c_8_42.PNG,c_8_43.PNG,c_8_44.PNG,c_8_45.PNG,c_8_46.PNG,c_8_47.PNG,c_8_48.PNG,c_8_49.PNG,c_8_50.PNG,c_8_51.PNG,c_8_52.PNG,c_8_53.PNG,c_8_54.PNG,c_8_55.PNG,c_8_56.PNG,c_8_57.PNG,c_8_58.PNG,c_8_59.PNG,c_8_60.PNG,c_8_61.PNG,c_8_62.PNG,c_8_63.PNG,c_8_64.PNG,c_8_65.PNG,c_8_66.PNG,c_8_67.PNG,c_8_68.PNG,c_8_69.PNG,c_8_70.PNG,c_8_71.PNG,c_8_72.PNG,c_8_73.PNG,c_8_74.PNG,c_8_75.PNG,c_8_76.PNG,c_8_77.PNG,c_8_78.PNG,c_8_79.PNG,c_8_80.PNG,c_8_81.PNG,c_8_82.PNG,c_8_83.PNG,c_8_84.PNG,c_8_85.PNG,c_8_86.PNG,c_8_87.PNG,c_8_88.PNG,c_8_89.PNG,c_8_90.PNG,c_8_91.PNG,c_8_92.PNG,c_8_93.PNG,c_8_94.PNG,c_8_95.PNG,c_8_96.PNG,c_8_97.PNG,c_8_98.PNG,c_8_99.PNG,c_8_100.PNG,c_8_101.PNG,c_8_102.PNG,c_8_103.PNG,c_8_104.PNG,c_8_105.PNG,c_8_106.PNG,c_8_107.PNG,c_8_108.PNG,c_8_109.PNG,c_8_110.PNG,c_8_111.PNG,c_8_112.PNG,c_8_113.PNG,c_8_114.PNG,c_8_115.PNG,c_8_116.PNG,c_8_117.PNG,c_8_118.PNG,c_8_119.PNG,c_8_120.PNG',30),(31,'jsp_1_1.PNG,jsp_1_2.PNG,jsp_1_3.PNG,jsp_1_4.PNG,jsp_1_5.PNG,jsp_1_6.PNG,jsp_1_7.PNG,jsp_1_8.PNG,jsp_1_9.PNG,jsp_1_10.PNG,jsp_1_11.PNG,jsp_1_12.PNG,jsp_1_13.PNG,jsp_1_14.PNG,jsp_1_15.PNG,jsp_1_16.PNG,jsp_1_17.PNG,jsp_1_18.PNG,jsp_1_19.PNG,jsp_1_20.PNG,jsp_1_21.PNG,jsp_1_22.PNG,jsp_1_23.PNG,jsp_1_24.PNG',31),(32,'jsp_2_1.PNG,jsp_2_2.PNG,jsp_2_3.PNG,jsp_2_4.PNG,jsp_2_5.PNG,jsp_2_6.PNG,jsp_2_7.PNG,jsp_2_8.PNG,jsp_2_9.PNG,jsp_2_10.PNG,jsp_2_11.PNG,jsp_2_12.PNG,jsp_2_13.PNG,jsp_2_14.PNG,jsp_2_15.PNG,jsp_2_16.PNG,jsp_2_17.PNG,jsp_2_18.PNG,jsp_2_19.PNG,jsp_2_20.PNG,jsp_2_21.PNG,jsp_2_22.PNG,jsp_2_23.PNG,jsp_2_24.PNG,jsp_2_25.PNG,jsp_2_26.PNG,jsp_2_27.PNG,jsp_2_28.PNG,jsp_2_29.PNG,jsp_2_30.PNG,jsp_2_31.PNG,jsp_2_32.PNG,jsp_2_33.PNG,jsp_2_34.PNG,jsp_2_35.PNG,jsp_2_36.PNG,jsp_2_37.PNG,jsp_2_38.PNG,jsp_2_39.PNG,jsp_2_40.PNG,jsp_2_41.PNG,jsp_2_42.PNG,jsp_2_43.PNG,jsp_2_44.PNG,jsp_2_45.PNG,jsp_2_46.PNG,jsp_2_47.PNG,jsp_2_48.PNG,jsp_2_49.PNG,jsp_2_50.PNG,jsp_2_51.PNG,jsp_2_52.PNG',32),(33,'jsp_3_1.PNG,jsp_3_2.PNG,jsp_3_3.PNG,jsp_3_4.PNG,jsp_3_5.PNG,jsp_3_6.PNG,jsp_3_7.PNG,jsp_3_8.PNG,jsp_3_9.PNG,jsp_3_10.PNG,jsp_3_11.PNG,jsp_3_12.PNG,jsp_3_13.PNG,jsp_3_14.PNG,jsp_3_15.PNG,jsp_3_16.PNG,jsp_3_17.PNG,jsp_3_18.PNG,jsp_3_19.PNG,jsp_3_20.PNG,jsp_3_21.PNG,jsp_3_22.PNG,jsp_3_23.PNG,jsp_3_24.PNG,jsp_3_25.PNG,jsp_3_26.PNG,jsp_3_27.PNG,jsp_3_28.PNG,jsp_3_29.PNG,jsp_3_30.PNG,jsp_3_31.PNG,jsp_3_32.PNG,jsp_3_33.PNG,jsp_3_34.PNG,jsp_3_35.PNG,jsp_3_36.PNG,jsp_3_37.PNG,jsp_3_38.PNG,jsp_3_39.PNG,jsp_3_40.PNG,jsp_3_41.PNG,jsp_3_42.PNG,jsp_3_43.PNG,jsp_3_44.PNG,jsp_3_45.PNG,jsp_3_46.PNG,jsp_3_47.PNG,jsp_3_48.PNG,jsp_3_49.PNG,jsp_3_50.PNG,jsp_3_51.PNG',33),(34,'jsp_4_1.PNG,jsp_4_2.PNG,jsp_4_3.PNG,jsp_4_4.PNG,jsp_4_5.PNG,jsp_4_6.PNG,jsp_4_7.PNG,jsp_4_8.PNG,jsp_4_9.PNG,jsp_4_10.PNG,jsp_4_11.PNG,jsp_4_12.PNG,jsp_4_13.PNG,jsp_4_14.PNG,jsp_4_15.PNG,jsp_4_16.PNG,jsp_4_17.PNG,jsp_4_18.PNG,jsp_4_19.PNG,jsp_4_20.PNG,jsp_4_21.PNG,jsp_4_22.PNG,jsp_4_23.PNG,jsp_4_24.PNG,jsp_4_25.PNG,jsp_4_26.PNG,jsp_4_27.PNG,jsp_4_28.PNG,jsp_4_29.PNG,jsp_4_30.PNG,jsp_4_31.PNG,jsp_4_32.PNG,jsp_4_33.PNG,jsp_4_34.PNG,jsp_4_35.PNG,jsp_4_36.PNG,jsp_4_37.PNG,jsp_4_38.PNG,jsp_4_39.PNG,jsp_4_40.PNG,jsp_4_41.PNG,jsp_4_42.PNG,jsp_4_43.PNG,jsp_4_44.PNG,jsp_4_45.PNG,jsp_4_46.PNG,jsp_4_47.PNG,jsp_4_48.PNG,jsp_4_49.PNG,jsp_4_50.PNG,jsp_4_51.PNG,jsp_4_52.PNG,jsp_4_53.PNG,jsp_4_54.PNG,jsp_4_55.PNG,jsp_4_56.PNG,jsp_4_57.PNG,jsp_4_58.PNG,jsp_4_59.PNG,jsp_4_60.PNG,jsp_4_61.PNG,jsp_4_62.PNG,jsp_4_63.PNG,jsp_4_64.PNG,jsp_4_65.PNG,jsp_4_66.PNG,jsp_4_67.PNG,jsp_4_68.PNG,jsp_4_69.PNG,jsp_4_70.PNG,jsp_4_71.PNG,jsp_4_72.PNG,jsp_4_73.PNG,jsp_4_74.PNG,jsp_4_75.PNG,jsp_4_76.PNG,jsp_4_77.PNG,jsp_4_78.PNG,jsp_4_79.PNG,jsp_4_80.PNG,jsp_4_81.PNG,jsp_4_82.PNG,jsp_4_83.PNG,jsp_4_84.PNG,jsp_4_85.PNG,jsp_4_86.PNG,jsp_4_87.PNG,jsp_4_88.PNG,jsp_4_89.PNG,jsp_4_90.PNG,jsp_4_91.PNG,jsp_4_92.PNG,jsp_4_93.PNG,jsp_4_94.PNG',34),(35,'jsp_5_1.PNG,jsp_5_2.PNG,jsp_5_3.PNG,jsp_5_4.PNG,jsp_5_5.PNG,jsp_5_6.PNG,jsp_5_7.PNG,jsp_5_8.PNG,jsp_5_9.PNG,jsp_5_10.PNG,jsp_5_11.PNG,jsp_5_12.PNG,jsp_5_13.PNG,jsp_5_14.PNG,jsp_5_15.PNG,jsp_5_16.PNG,jsp_5_17.PNG,jsp_5_18.PNG,jsp_5_19.PNG,jsp_5_20.PNG,jsp_5_21.PNG,jsp_5_22.PNG,jsp_5_23.PNG,jsp_5_24.PNG,jsp_5_25.PNG,jsp_5_26.PNG,jsp_5_27.PNG,jsp_5_28.PNG,jsp_5_29.PNG,jsp_5_30.PNG,jsp_5_31.PNG,jsp_5_32.PNG,jsp_5_33.PNG,jsp_5_34.PNG,jsp_5_35.PNG,jsp_5_36.PNG,jsp_5_37.PNG,jsp_5_38.PNG,jsp_5_39.PNG,jsp_5_40.PNG,jsp_5_41.PNG,jsp_5_42.PNG,jsp_5_43.PNG,jsp_5_44.PNG,jsp_5_45.PNG,jsp_5_46.PNG,jsp_5_47.PNG,jsp_5_48.PNG,jsp_5_49.PNG,jsp_5_50.PNG,jsp_5_51.PNG,jsp_5_52.PNG,jsp_5_53.PNG,jsp_5_54.PNG,jsp_5_55.PNG,jsp_5_56.PNG,jsp_5_57.PNG,jsp_5_58.PNG\r\n',35),(36,'jsp_6_1.PNG,jsp_6_2.PNG,jsp_6_3.PNG,jsp_6_4.PNG,jsp_6_5.PNG,jsp_6_6.PNG,jsp_6_7.PNG,jsp_6_8.PNG,jsp_6_9.PNG,jsp_6_10.PNG,jsp_6_11.PNG,jsp_6_12.PNG,jsp_6_13.PNG,jsp_6_14.PNG,jsp_6_15.PNG,jsp_6_16.PNG,jsp_6_17.PNG,jsp_6_18.PNG,jsp_6_19.PNG,jsp_6_20.PNG,jsp_6_21.PNG,jsp_6_22.PNG,jsp_6_23.PNG,jsp_6_24.PNG,jsp_6_25.PNG,jsp_6_26.PNG,jsp_6_27.PNG,jsp_6_28.PNG,jsp_6_29.PNG,jsp_6_30.PNG,jsp_6_31.PNG,jsp_6_32.PNG,jsp_6_33.PNG,jsp_6_34.PNG,jsp_6_35.PNG,jsp_6_36.PNG,jsp_6_37.PNG,jsp_6_38.PNG,jsp_6_39.PNG,jsp_6_40.PNG,jsp_6_41.PNG,jsp_6_42.PNG,jsp_6_43.PNG,jsp_6_44.PNG,jsp_6_45.PNG,jsp_6_46.PNG,jsp_6_47.PNG,jsp_6_48.PNG,jsp_6_49.PNG,jsp_6_50.PNG,jsp_6_51.PNG,jsp_6_52.PNG,jsp_6_53.PNG,jsp_6_54.PNG,jsp_6_55.PNG,jsp_6_56.PNG,jsp_6_57.PNG,jsp_6_58.PNG,jsp_6_59.PNG,jsp_6_60.PNG,jsp_6_61.PNG,jsp_6_62.PNG,jsp_6_63.PNG,jsp_6_64.PNG,jsp_6_65.PNG,jsp_6_66.PNG,jsp_6_67.PNG,jsp_6_68.PNG,jsp_6_69.PNG,jsp_6_70.PNG,jsp_6_71.PNG,jsp_6_72.PNG,jsp_6_73.PNG,jsp_6_74.PNG,jsp_6_75.PNG,jsp_6_76.PNG,jsp_6_77.PNG',36),(37,'jsp_7_1.PNG,jsp_7_2.PNG,jsp_7_3.PNG,jsp_7_4.PNG,jsp_7_5.PNG,jsp_7_6.PNG,jsp_7_7.PNG,jsp_7_8.PNG,jsp_7_9.PNG,jsp_7_10.PNG,jsp_7_11.PNG,jsp_7_12.PNG,jsp_7_13.PNG,jsp_7_14.PNG,jsp_7_15.PNG,jsp_7_16.PNG,jsp_7_17.PNG,jsp_7_18.PNG,jsp_7_19.PNG,jsp_7_20.PNG,jsp_7_21.PNG,jsp_7_22.PNG,jsp_7_23.PNG,jsp_7_24.PNG,jsp_7_25.PNG,jsp_7_26.PNG,jsp_7_27.PNG,jsp_7_28.PNG,jsp_7_29.PNG,jsp_7_30.PNG,jsp_7_31.PNG,jsp_7_32.PNG,jsp_7_33.PNG,jsp_7_34.PNG,jsp_7_35.PNG,jsp_7_36.PNG,jsp_7_37.PNG,jsp_7_38.PNG,jsp_7_39.PNG,jsp_7_40.PNG,jsp_7_41.PNG,jsp_7_42.PNG,jsp_7_43.PNG,jsp_7_44.PNG,jsp_7_45.PNG,jsp_7_46.PNG,jsp_7_47.PNG,jsp_7_48.PNG,jsp_7_49.PNG,jsp_7_50.PNG,jsp_7_51.PNG,jsp_7_52.PNG,jsp_7_53.PNG,jsp_7_54.PNG,jsp_7_55.PNG,jsp_7_56.PNG,jsp_7_57.PNG',37),(38,'jsp_8_1.PNG,jsp_8_2.PNG,jsp_8_3.PNG,jsp_8_4.PNG,jsp_8_5.PNG,jsp_8_6.PNG,jsp_8_7.PNG,jsp_8_8.PNG,jsp_8_9.PNG,jsp_8_10.PNG,jsp_8_11.PNG,jsp_8_12.PNG,jsp_8_13.PNG,jsp_8_14.PNG,jsp_8_15.PNG,jsp_8_16.PNG,jsp_8_17.PNG,jsp_8_18.PNG,jsp_8_19.PNG,jsp_8_20.PNG,jsp_8_21.PNG,jsp_8_22.PNG,jsp_8_23.PNG,jsp_8_24.PNG,jsp_8_25.PNG,jsp_8_26.PNG,jsp_8_27.PNG,jsp_8_28.PNG,jsp_8_29.PNG,jsp_8_30.PNG,jsp_8_31.PNG,jsp_8_32.PNG,jsp_8_33.PNG,jsp_8_34.PNG,jsp_8_35.PNG,jsp_8_36.PNG,jsp_8_37.PNG,jsp_8_38.PNG,jsp_8_39.PNG,jsp_8_40.PNG,jsp_8_41.PNG,jsp_8_42.PNG,jsp_8_43.PNG,jsp_8_44.PNG,jsp_8_45.PNG,jsp_8_46.PNG,jsp_8_47.PNG,jsp_8_48.PNG,jsp_8_49.PNG,jsp_8_50.PNG',38),(39,'jsp_9_1.PNG,jsp_9_2.PNG,jsp_9_3.PNG,jsp_9_4.PNG,jsp_9_5.PNG,jsp_9_6.PNG,jsp_9_7.PNG,jsp_9_8.PNG,jsp_9_9.PNG,jsp_9_10.PNG,jsp_9_11.PNG,jsp_9_12.PNG,jsp_9_13.PNG,jsp_9_14.PNG,jsp_9_15.PNG,jsp_9_16.PNG,jsp_9_17.PNG,jsp_9_18.PNG,jsp_9_19.PNG,jsp_9_20.PNG,jsp_9_21.PNG,jsp_9_22.PNG,jsp_9_23.PNG,jsp_9_24.PNG,jsp_9_25.PNG,jsp_9_26.PNG,jsp_9_27.PNG,jsp_9_28.PNG,jsp_9_29.PNG,jsp_9_30.PNG,jsp_9_31.PNG,jsp_9_32.PNG,jsp_9_33.PNG,jsp_9_34.PNG,jsp_9_35.PNG,jsp_9_36.PNG,jsp_9_37.PNG',39),(40,'jsp_10_1.PNG,jsp_10_2.PNG,jsp_10_3.PNG,jsp_10_4.PNG,jsp_10_5.PNG,jsp_10_6.PNG,jsp_10_7.PNG,jsp_10_8.PNG,jsp_10_9.PNG,jsp_10_10.PNG,jsp_10_11.PNG,jsp_10_12.PNG,jsp_10_13.PNG,jsp_10_14.PNG,jsp_10_15.PNG,jsp_10_16.PNG,jsp_10_17.PNG,jsp_10_18.PNG,jsp_10_19.PNG,jsp_10_20.PNG,jsp_10_21.PNG,jsp_10_22.PNG,jsp_10_23.PNG,jsp_10_24.PNG,jsp_10_25.PNG,jsp_10_26.PNG,jsp_10_27.PNG,jsp_10_28.PNG,jsp_10_29.PNG,jsp_10_30.PNG,jsp_10_31.PNG,jsp_10_32.PNG,jsp_10_33.PNG,jsp_10_34.PNG,jsp_10_35.PNG,jsp_10_36.PNG,jsp_10_37.PNG,jsp_10_38.PNG,jsp_10_39.PNG,jsp_10_40.PNG,jsp_10_41.PNG,jsp_10_42.PNG,jsp_10_43.PNG,jsp_10_44.PNG,jsp_10_45.PNG,jsp_10_46.PNG,jsp_10_47.PNG',40),(41,'jsp_11_1.PNG,jsp_11_2.PNG,jsp_11_3.PNG,jsp_11_4.PNG,jsp_11_5.PNG,jsp_11_6.PNG,jsp_11_7.PNG,jsp_11_8.PNG,jsp_11_9.PNG,jsp_11_10.PNG,jsp_11_11.PNG,jsp_11_12.PNG,jsp_11_13.PNG,jsp_11_14.PNG,jsp_11_15.PNG,jsp_11_16.PNG,jsp_11_17.PNG,jsp_11_18.PNG,jsp_11_19.PNG,jsp_11_20.PNG,jsp_11_21.PNG,jsp_11_22.PNG,jsp_11_23.PNG,jsp_11_24.PNG,jsp_11_25.PNG,jsp_11_26.PNG,jsp_11_27.PNG,jsp_11_28.PNG,jsp_11_29.PNG,jsp_11_30.PNG,jsp_11_31.PNG,jsp_11_32.PNG,jsp_11_33.PNG,jsp_11_34.PNG,jsp_11_35.PNG,jsp_11_36.PNG,jsp_11_37.PNG,jsp_11_38.PNG,jsp_11_39.PNG,jsp_11_40.PNG,jsp_11_41.PNG,jsp_11_42.PNG,jsp_11_43.PNG,jsp_11_44.PNG,jsp_11_45.PNG,jsp_11_46.PNG,jsp_11_47.PNG,jsp_11_48.PNG,jsp_11_49.PNG,jsp_11_50.PNG,jsp_11_51.PNG,jsp_11_52.PNG,jsp_11_53.PNG,jsp_11_54.PNG,jsp_11_55.PNG,jsp_11_56.PNG,jsp_11_57.PNG,jsp_11_58.PNG,jsp_11_59.PNG,jsp_11_60.PNG,jsp_11_61.PNG,jsp_11_62.PNG,jsp_11_63.PNG,jsp_11_64.PNG',41),(42,'empl_1_1.PNG,empl_1_2.PNG,empl_1_3.PNG,empl_1_4.PNG,empl_1_5.PNG,empl_1_6.PNG,empl_1_7.PNG,empl_1_8.PNG,empl_1_9.PNG,empl_1_10.PNG,empl_1_11.PNG,empl_1_12.PNG,empl_1_13.PNG,empl_1_14.PNG,empl_1_15.PNG,empl_1_16.PNG,empl_1_17.PNG,empl_1_18.PNG,empl_1_19.PNG,empl_1_20.PNG,empl_1_21.PNG,empl_1_22.PNG,empl_1_23.PNG,empl_1_24.PNG',42),(43,'empl_2_1.PNG,empl_2_2.PNG,empl_2_3.PNG,empl_2_4.PNG,empl_2_5.PNG,empl_2_6.PNG,empl_2_7.PNG,empl_2_8.PNG,empl_2_9.PNG,empl_2_10.PNG,empl_2_11.PNG,empl_2_12.PNG,empl_2_13.PNG,empl_2_14.PNG,empl_2_15.PNG,empl_2_16.PNG,empl_2_17.PNG,empl_2_18.PNG,empl_2_19.PNG,empl_2_20.PNG',43),(44,'empl_3_1.PNG,empl_3_2.PNG,empl_3_3.PNG,empl_3_4.PNG,empl_3_5.PNG,empl_3_6.PNG,empl_3_7.PNG,empl_3_8.PNG,empl_3_9.PNG,empl_3_10.PNG,empl_3_11.PNG,empl_3_12.PNG,empl_3_13.PNG,empl_3_14.PNG,empl_3_15.PNG,empl_3_16.PNG,empl_3_17.PNG,empl_3_18.PNG,empl_3_19.PNG,empl_3_20.PNG,empl_3_21.PNG,empl_3_22.PNG,empl_3_23.PNG,empl_3_24.PNG,empl_3_25.PNG,empl_3_26.PNG,empl_3_27.PNG,empl_3_28.PNG,empl_3_29.PNG,empl_3_30.PNG,empl_3_31.PNG,empl_3_32.PNG,empl_3_33.PNG,empl_3_34.PNG,empl_3_35.PNG',44),(45,'empl_4_1.PNG,empl_4_2.PNG,empl_4_3.PNG,empl_4_4.PNG,empl_4_5.PNG,empl_4_6.PNG,empl_4_7.PNG,empl_4_8.PNG,empl_4_9.PNG,empl_4_10.PNG,empl_4_11.PNG,empl_4_12.PNG,empl_4_13.PNG,empl_4_14.PNG,empl_4_15.PNG,empl_4_16.PNG,empl_4_17.PNG,empl_4_18.PNG,empl_4_19.PNG,empl_4_20.PNG,empl_4_21.PNG,empl_4_22.PNG',45),(46,'empl_5_1.PNG,empl_5_2.PNG,empl_5_3.PNG,empl_5_4.PNG,empl_5_5.PNG,empl_5_6.PNG,empl_5_7.PNG,empl_5_8.PNG,empl_5_9.PNG,empl_5_10.PNG,empl_5_11.PNG,empl_5_12.PNG,empl_5_13.PNG,empl_5_14.PNG,empl_5_15.PNG,empl_5_16.PNG,empl_5_17.PNG,empl_5_18.PNG,empl_5_19.PNG,empl_5_20.PNG,empl_5_21.PNG',46),(47,'empl_6_1.PNG,empl_6_2.PNG,empl_6_3.PNG,empl_6_4.PNG,empl_6_5.PNG,empl_6_6.PNG,empl_6_7.PNG,empl_6_8.PNG,empl_6_9.PNG,empl_6_10.PNG,empl_6_11.PNG',47),(48,'empl_7_1.PNG,empl_7_2.PNG,empl_7_3.PNG,empl_7_4.PNG,empl_7_5.PNG,empl_7_6.PNG,empl_7_7.PNG,empl_7_8.PNG,empl_7_9.PNG,empl_7_10.PNG,empl_7_11.PNG,empl_7_12.PNG',48),(49,'empl_8_1.PNG,empl_8_2.PNG,empl_8_3.PNG,empl_8_4.PNG,empl_8_5.PNG,empl_8_6.PNG,empl_8_7.PNG,empl_8_8.PNG,empl_8_9.PNG,empl_8_10.PNG,empl_8_11.PNG,empl_8_12.PNG,empl_8_13.PNG,empl_8_14.PNG,empl_8_15.PNG,empl_8_16.PNG,empl_8_17.PNG',49),(50,'intr_1_1.PNG,intr_1_2.PNG,intr_1_3.PNG,intr_1_4.PNG,intr_1_5.PNG,intr_1_6.PNG,intr_1_7.PNG,intr_1_8.PNG,intr_1_9.PNG,intr_1_10.PNG,intr_1_11.PNG,intr_1_12.PNG,intr_1_13.PNG,intr_1_14.PNG,intr_1_15.PNG,intr_1_16.PNG,intr_1_17.PNG,intr_1_18.PNG,intr_1_19.PNG,intr_1_20.PNG,intr_1_21.PNG,intr_1_22.PNG,intr_1_23.PNG,intr_1_24.PNG,intr_1_25.PNG,intr_1_26.PNG,intr_1_27.PNG,intr_1_28.PNG,intr_1_29.PNG,intr_1_30.PNG',50),(51,'intr_2_1.PNG,intr_2_2.PNG,intr_2_3.PNG,intr_2_4.PNG,intr_2_5.PNG,intr_2_6.PNG,intr_2_7.PNG,intr_2_8.PNG,intr_2_9.PNG,intr_2_10.PNG,intr_2_11.PNG,intr_2_12.PNG,intr_2_13.PNG,intr_2_14.PNG,intr_2_15.PNG,intr_2_16.PNG,intr_2_17.PNG,intr_2_18.PNG,intr_2_19.PNG,intr_2_20.PNG,intr_2_21.PNG,intr_2_22.PNG,intr_2_23.PNG,intr_2_24.PNG,intr_2_25.PNG,intr_2_26.PNG,intr_2_27.PNG,intr_2_28.PNG,intr_2_29.PNG,intr_2_30.PNG,intr_2_31.PNG,intr_2_32.PNG,intr_2_33.PNG,intr_2_34.PNG,intr_2_35.PNG,intr_2_36.PNG,intr_2_37.PNG,intr_2_38.PNG,intr_2_39.PNG,intr_2_40.PNG,intr_2_41.PNG,intr_2_42.PNG,intr_2_43.PNG,intr_2_44.PNG,intr_2_45.PNG,intr_2_46.PNG,intr_2_47.PNG,intr_2_48.PNG,intr_2_49.PNG,intr_2_50.PNG,intr_2_51.PNG,intr_2_52.PNG,intr_2_53.PNG,intr_2_54.PNG,intr_2_55.PNG',51),(52,'intr_3_1.PNG,intr_3_2.PNG,intr_3_3.PNG,intr_3_4.PNG,intr_3_5.PNG,intr_3_6.PNG,intr_3_7.PNG,intr_3_8.PNG,intr_3_9.PNG,intr_3_10.PNG,intr_3_11.PNG,intr_3_12.PNG,intr_3_13.PNG,intr_3_14.PNG,intr_3_15.PNG,intr_3_16.PNG,intr_3_17.PNG,intr_3_18.PNG,intr_3_19.PNG,intr_3_20.PNG,intr_3_21.PNG,intr_3_22.PNG,intr_3_23.PNG,intr_3_24.PNG,intr_3_25.PNG,intr_3_26.PNG,intr_3_27.PNG',52),(53,'intr_4_1.PNG,intr_4_2.PNG,intr_4_3.PNG,intr_4_4.PNG,intr_4_5.PNG,intr_4_6.PNG,intr_4_7.PNG,intr_4_8.PNG,intr_4_9.PNG,intr_4_10.PNG,intr_4_11.PNG,intr_4_12.PNG,intr_4_13.PNG,intr_4_14.PNG,intr_4_15.PNG,intr_4_16.PNG,intr_4_17.PNG,intr_4_18.PNG,intr_4_19.PNG,intr_4_20.PNG,intr_4_21.PNG,intr_4_22.PNG,intr_4_23.PNG,intr_4_24.PNG,intr_4_25.PNG,intr_4_26.PNG,intr_4_27.PNG,intr_4_28.PNG,intr_4_29.PNG,intr_4_30.PNG,intr_4_31.PNG,intr_4_32.PNG,intr_4_33.PNG,intr_4_34.PNG,intr_4_35.PNG,intr_4_36.PNG,intr_4_37.PNG,intr_4_38.PNG,intr_4_39.PNG,intr_4_40.PNG,intr_4_41.PNG,intr_4_42.PNG,intr_4_43.PNG,intr_4_44.PNG,intr_4_45.PNG,intr_4_46.PNG,intr_4_47.PNG,intr_4_48.PNG,intr_4_49.PNG,intr_4_50.PNG,intr_4_51.PNG,intr_4_52.PNG,intr_4_53.PNG,intr_4_54.PNG,intr_4_55.PNG,intr_4_56.PNG,intr_4_57.PNG',53),(54,'intr_5_1.PNG,intr_5_2.PNG,intr_5_3.PNG,intr_5_4.PNG,intr_5_5.PNG,intr_5_6.PNG,intr_5_7.PNG,intr_5_8.PNG,intr_5_9.PNG,intr_5_10.PNG,intr_5_11.PNG,intr_5_12.PNG,intr_5_13.PNG,intr_5_14.PNG,intr_5_15.PNG,intr_5_16.PNG,intr_5_17.PNG,intr_5_18.PNG,intr_5_19.PNG,intr_5_20.PNG,intr_5_21.PNG,intr_5_22.PNG,intr_5_23.PNG,intr_5_24.PNG,intr_5_25.PNG,intr_5_26.PNG',54),(55,'intr_6_1.PNG,intr_6_2.PNG,intr_6_3.PNG,intr_6_4.PNG,intr_6_5.PNG,intr_6_6.PNG,intr_6_7.PNG,intr_6_8.PNG,intr_6_9.PNG,intr_6_10.PNG,intr_6_11.PNG,intr_6_12.PNG,intr_6_13.PNG,intr_6_14.PNG,intr_6_15.PNG,intr_6_16.PNG,intr_6_17.PNG,intr_6_18.PNG,intr_6_19.PNG,intr_6_20.PNG,intr_6_21.PNG,intr_6_22.PNG,intr_6_23.PNG,intr_6_24.PNG,intr_6_25.PNG,intr_6_26.PNG,intr_6_27.PNG,intr_6_28.PNG,intr_6_29.PNG,intr_6_30.PNG,intr_6_31.PNG,intr_6_32.PNG,intr_6_33.PNG,intr_6_34.PNG,intr_6_35.PNG,intr_6_36.PNG,intr_6_37.PNG,intr_6_38.PNG,intr_6_39.PNG,intr_6_40.PNG,intr_6_41.PNG',55),(56,'intr_7_1.PNG,intr_7_2.PNG,intr_7_3.PNG,intr_7_4.PNG,intr_7_5.PNG,intr_7_6.PNG,intr_7_7.PNG,intr_7_8.PNG,intr_7_9.PNG,intr_7_10.PNG,intr_7_11.PNG,intr_7_12.PNG,intr_7_13.PNG,intr_7_14.PNG,intr_7_15.PNG,intr_7_16.PNG,intr_7_17.PNG,intr_7_18.PNG,intr_7_19.PNG,intr_7_20.PNG,intr_7_21.PNG,intr_7_22.PNG,intr_7_23.PNG,intr_7_24.PNG,intr_7_25.PNG,intr_7_26.PNG,intr_7_27.PNG,intr_7_28.PNG,intr_7_29.PNG,intr_7_30.PNG,intr_7_31.PNG,intr_7_32.PNG',56),(57,'intr_8_1.PNG,intr_8_2.PNG,intr_8_3.PNG,intr_8_4.PNG,intr_8_5.PNG,intr_8_6.PNG,intr_8_7.PNG,intr_8_8.PNG,intr_8_9.PNG,intr_8_10.PNG,intr_8_11.PNG,intr_8_12.PNG,intr_8_13.PNG,intr_8_14.PNG,intr_8_15.PNG,intr_8_16.PNG,intr_8_17.PNG,intr_8_18.PNG,intr_8_19.PNG,intr_8_20.PNG,intr_8_21.PNG,intr_8_22.PNG,intr_8_23.PNG,intr_8_24.PNG,intr_8_25.PNG,intr_8_26.PNG,intr_8_27.PNG,intr_8_28.PNG,intr_8_29.PNG,intr_8_30.PNG',57),(58,'intr_9_1.PNG,intr_9_2.PNG,intr_9_3.PNG,intr_9_4.PNG,intr_9_5.PNG,intr_9_6.PNG,intr_9_7.PNG,intr_9_8.PNG,intr_9_9.PNG,intr_9_10.PNG,intr_9_11.PNG,intr_9_12.PNG,intr_9_13.PNG,intr_9_14.PNG,intr_9_15.PNG,intr_9_16.PNG,intr_9_17.PNG,intr_9_18.PNG,intr_9_19.PNG,intr_9_20.PNG,intr_9_21.PNG,intr_9_22.PNG,intr_9_23.PNG,intr_9_24.PNG,intr_9_25.PNG,intr_9_26.PNG,intr_9_27.PNG,intr_9_28.PNG',58),(59,'intr_10_1.PNG,intr_10_2.PNG,intr_10_3.PNG,intr_10_4.PNG,intr_10_5.PNG,intr_10_6.PNG,intr_10_7.PNG,intr_10_8.PNG,intr_10_9.PNG,intr_10_10.PNG,intr_10_11.PNG,intr_10_12.PNG,intr_10_13.PNG,intr_10_14.PNG,intr_10_15.PNG,intr_10_16.PNG,intr_10_17.PNG,intr_10_18.PNG,intr_10_19.PNG,intr_10_20.PNG,intr_10_21.PNG,intr_10_22.PNG,intr_10_23.PNG,intr_10_24.PNG,intr_10_25.PNG,intr_10_26.PNG',59),(60,'intr_11_1.PNG,intr_11_2.PNG,intr_11_3.PNG,intr_11_4.PNG,intr_11_5.PNG,intr_11_6.PNG,intr_11_7.PNG,intr_11_8.PNG,intr_11_9.PNG,intr_11_10.PNG,intr_11_11.PNG,intr_11_12.PNG,intr_11_13.PNG,intr_11_14.PNG,intr_11_15.PNG,intr_11_16.PNG,intr_11_17.PNG,intr_11_18.PNG,intr_11_19.PNG,intr_11_20.PNG,intr_11_21.PNG,intr_11_22.PNG,intr_11_23.PNG,intr_11_24.PNG,intr_11_25.PNG,intr_11_26.PNG,intr_11_27.PNG,intr_11_28.PNG,intr_11_29.PNG,intr_11_30.PNG,intr_11_31.PNG,intr_11_32.PNG,intr_11_33.PNG,intr_11_34.PNG,intr_11_35.PNG,intr_11_36.PNG,intr_11_37.PNG,intr_11_38.PNG,intr_11_39.PNG,intr_11_40.PNG,intr_11_41.PNG,intr_11_42.PNG,intr_11_43.PNG,intr_11_44.PNG,intr_11_45.PNG,intr_11_46.PNG,intr_11_47.PNG,intr_11_48.PNG,intr_11_49.PNG,intr_11_50.PNG,intr_11_51.PNG,intr_11_52.PNG,intr_11_53.PNG,intr_11_54.PNG,intr_11_55.PNG,intr_11_56.PNG,intr_11_57.PNG,intr_11_58.PNG,intr_11_59.PNG,intr_11_60.PNG,intr_11_61.PNG,intr_11_62.PNG,intr_11_63.PNG',60),(61,'intr_12_1.PNG,intr_12_2.PNG,intr_12_3.PNG,intr_12_4.PNG,intr_12_5.PNG,intr_12_6.PNG,intr_12_7.PNG,intr_12_8.PNG,intr_12_9.PNG,intr_12_10.PNG,intr_12_11.PNG,intr_12_12.PNG,intr_12_13.PNG,intr_12_14.PNG,intr_12_15.PNG,intr_12_16.PNG,intr_12_17.PNG,intr_12_18.PNG,intr_12_19.PNG,intr_12_20.PNG,intr_12_21.PNG,intr_12_22.PNG,intr_12_23.PNG,intr_12_24.PNG,intr_12_25.PNG,intr_12_26.PNG,intr_12_27.PNG,intr_12_28.PNG,intr_12_29.PNG,intr_12_30.PNG,intr_12_31.PNG,intr_12_32.PNG,intr_12_33.PNG,intr_12_34.PNG,intr_12_35.PNG,intr_12_36.PNG,intr_12_37.PNG,intr_12_38.PNG,intr_12_39.PNG,intr_12_40.PNG,intr_12_41.PNG',61),(62,'intr_13_1.PNG,intr_13_2.PNG,intr_13_3.PNG,intr_13_4.PNG,intr_13_5.PNG,intr_13_6.PNG,intr_13_7.PNG,intr_13_8.PNG,intr_13_9.PNG,intr_13_10.PNG,intr_13_11.PNG,intr_13_12.PNG,intr_13_13.PNG,intr_13_14.PNG,intr_13_15.PNG,intr_13_16.PNG,intr_13_17.PNG,intr_13_18.PNG,intr_13_19.PNG,intr_13_20.PNG,intr_13_21.PNG,intr_13_22.PNG,intr_13_23.PNG,intr_13_24.PNG,intr_13_25.PNG,intr_13_26.PNG,intr_13_27.PNG,intr_13_28.PNG,intr_13_29.PNG,intr_13_30.PNG,intr_13_31.PNG,intr_13_32.PNG,intr_13_33.PNG,intr_13_34.PNG,intr_13_35.PNG,intr_13_36.PNG,intr_13_37.PNG,intr_13_38.PNG,intr_13_39.PNG,intr_13_40.PNG,intr_13_41.PNG,intr_13_42.PNG,intr_13_43.PNG,intr_13_44.PNG,intr_13_45.PNG,intr_13_46.PNG,intr_13_47.PNG,intr_13_48.PNG',62),(63,'intr_14_1.PNG,intr_14_2.PNG,intr_14_3.PNG,intr_14_4.PNG,intr_14_5.PNG,intr_14_6.PNG,intr_14_7.PNG,intr_14_8.PNG,intr_14_9.PNG,intr_14_10.PNG,intr_14_11.PNG,intr_14_12.PNG,intr_14_13.PNG,intr_14_14.PNG,intr_14_15.PNG,intr_14_16.PNG,intr_14_17.PNG,intr_14_18.PNG,intr_14_19.PNG,intr_14_20.PNG,intr_14_21.PNG,intr_14_22.PNG,intr_14_23.PNG,intr_14_24.PNG,intr_14_25.PNG,intr_14_26.PNG,intr_14_27.PNG,intr_14_28.PNG,intr_14_29.PNG,intr_14_30.PNG,intr_14_31.PNG,intr_14_32.PNG,intr_14_33.PNG,intr_14_34.PNG,intr_14_35.PNG,intr_14_36.PNG,intr_14_37.PNG,intr_14_38.PNG,intr_14_39.PNG,intr_14_40.PNG,intr_14_41.PNG',63),(64,'intr_15_1.PNG,intr_15_2.PNG,intr_15_3.PNG,intr_15_4.PNG,intr_15_5.PNG,intr_15_6.PNG,intr_15_7.PNG,intr_15_8.PNG,intr_15_9.PNG,intr_15_10.PNG,intr_15_11.PNG,intr_15_12.PNG,intr_15_13.PNG,intr_15_14.PNG,intr_15_15.PNG,intr_15_16.PNG,intr_15_17.PNG,intr_15_18.PNG,intr_15_19.PNG,intr_15_20.PNG,intr_15_21.PNG,intr_15_22.PNG,intr_15_23.PNG,intr_15_24.PNG,intr_15_25.PNG,intr_15_26.PNG,intr_15_27.PNG,intr_15_28.PNG,intr_15_29.PNG,intr_15_30.PNG,intr_15_31.PNG,intr_15_32.PNG,intr_15_33.PNG,intr_15_34.PNG,intr_15_35.PNG,intr_15_36.PNG,intr_15_37.PNG,intr_15_38.PNG,intr_15_39.PNG,intr_15_40.PNG,intr_15_41.PNG,intr_15_42.PNG,intr_15_43.PNG,intr_15_44.PNG,intr_15_45.PNG,intr_15_46.PNG,intr_15_47.PNG,intr_15_48.PNG,intr_15_49.PNG,intr_15_50.PNG,intr_15_51.PNG,intr_15_52.PNG,intr_15_53.PNG,intr_15_54.PNG,intr_15_55.PNG,intr_15_56.PNG,intr_15_57.PNG,intr_15_58.PNG,intr_15_59.PNG,intr_15_60.PNG',64),(65,'intr_16_1.PNG,intr_16_2.PNG,intr_16_3.PNG,intr_16_4.PNG,intr_16_5.PNG,intr_16_6.PNG,intr_16_7.PNG,intr_16_8.PNG,intr_16_9.PNG,intr_16_10.PNG,intr_16_11.PNG,intr_16_12.PNG,intr_16_13.PNG,intr_16_14.PNG,intr_16_15.PNG,intr_16_16.PNG,intr_16_17.PNG,intr_16_18.PNG,intr_16_19.PNG,intr_16_20.PNG,intr_16_21.PNG,intr_16_22.PNG,intr_16_23.PNG,intr_16_24.PNG,intr_16_25.PNG,intr_16_26.PNG,intr_16_27.PNG,intr_16_28.PNG,intr_16_29.PNG,intr_16_30.PNG,intr_16_31.PNG,intr_16_32.PNG,intr_16_33.PNG,intr_16_34.PNG,intr_16_35.PNG,intr_16_36.PNG,intr_16_37.PNG,intr_16_38.PNG,intr_16_39.PNG,intr_16_40.PNG,intr_16_41.PNG,intr_16_42.PNG,intr_16_43.PNG,intr_16_44.PNG,intr_16_45.PNG',65),(66,'intr_17_1.PNG,intr_17_2.PNG,intr_17_3.PNG,intr_17_4.PNG,intr_17_5.PNG,intr_17_6.PNG,intr_17_7.PNG,intr_17_8.PNG,intr_17_9.PNG,intr_17_10.PNG,intr_17_11.PNG,intr_17_12.PNG,intr_17_13.PNG,intr_17_14.PNG,intr_17_15.PNG,intr_17_16.PNG,intr_17_17.PNG,intr_17_18.PNG,intr_17_19.PNG,intr_17_20.PNG,intr_17_21.PNG,intr_17_22.PNG,intr_17_23.PNG,intr_17_24.PNG,intr_17_25.PNG,intr_17_26.PNG,intr_17_27.PNG,intr_17_28.PNG,intr_17_29.PNG,intr_17_30.PNG,intr_17_31.PNG,intr_17_32.PNG,intr_17_33.PNG,intr_17_34.PNG',66),(67,'intr_18_1.PNG,intr_18_2.PNG,intr_18_3.PNG,intr_18_4.PNG,intr_18_5.PNG,intr_18_6.PNG,intr_18_7.PNG,intr_18_8.PNG,intr_18_9.PNG,intr_18_10.PNG,intr_18_11.PNG,intr_18_12.PNG,intr_18_13.PNG,intr_18_14.PNG,intr_18_15.PNG,intr_18_16.PNG,intr_18_17.PNG,intr_18_18.PNG,intr_18_19.PNG,intr_18_20.PNG,intr_18_21.PNG,intr_18_22.PNG,intr_18_23.PNG,intr_18_24.PNG,intr_18_25.PNG,intr_18_26.PNG,intr_18_27.PNG,intr_18_28.PNG,intr_18_29.PNG,intr_18_30.PNG,intr_18_31.PNG,intr_18_32.PNG,intr_18_33.PNG,intr_18_34.PNG,intr_18_35.PNG,intr_18_36.PNG,intr_18_37.PNG,intr_18_38.PNG,intr_18_39.PNG,intr_18_40.PNG,intr_18_41.PNG,intr_18_42.PNG,intr_18_43.PNG,intr_18_44.PNG,intr_18_45.PNG,intr_18_46.PNG,intr_18_47.PNG,intr_18_48.PNG',67),(68,'intr_19_1.PNG,intr_19_2.PNG,intr_19_3.PNG,intr_19_4.PNG,intr_19_5.PNG,intr_19_6.PNG,intr_19_7.PNG,intr_19_8.PNG,intr_19_9.PNG,intr_19_10.PNG,intr_19_11.PNG,intr_19_12.PNG,intr_19_13.PNG,intr_19_14.PNG,intr_19_15.PNG,intr_19_16.PNG,intr_19_17.PNG,intr_19_18.PNG,intr_19_19.PNG,intr_19_20.PNG,intr_19_21.PNG,intr_19_22.PNG,intr_19_23.PNG,intr_19_24.PNG,intr_19_25.PNG,intr_19_26.PNG,intr_19_27.PNG,intr_19_28.PNG,intr_19_29.PNG,intr_19_30.PNG,intr_19_31.PNG,intr_19_32.PNG,intr_19_33.PNG,intr_19_34.PNG,intr_19_35.PNG,intr_19_36.PNG,intr_19_37.PNG,intr_19_38.PNG,intr_19_39.PNG,intr_19_40.PNG,intr_19_41.PNG,intr_19_42.PNG,intr_19_43.PNG,intr_19_44.PNG,intr_19_45.PNG,intr_19_46.PNG',68),(69,'intr_20_1.PNG,intr_20_2.PNG,intr_20_3.PNG,intr_20_4.PNG,intr_20_5.PNG,intr_20_6.PNG,intr_20_7.PNG,intr_20_8.PNG,intr_20_9.PNG,intr_20_10.PNG,intr_20_11.PNG,intr_20_12.PNG,intr_20_13.PNG,intr_20_14.PNG,intr_20_15.PNG,intr_20_16.PNG,intr_20_17.PNG,intr_20_18.PNG,intr_20_19.PNG,intr_20_20.PNG,intr_20_21.PNG,intr_20_22.PNG,intr_20_23.PNG,intr_20_24.PNG,intr_20_25.PNG,intr_20_26.PNG,intr_20_27.PNG,intr_20_28.PNG',69),(70,'intr_21_1.PNG,intr_21_2.PNG,intr_21_3.PNG,intr_21_4.PNG,intr_21_5.PNG,intr_21_6.PNG,intr_21_7.PNG,intr_21_8.PNG,intr_21_9.PNG,intr_21_10.PNG,intr_21_11.PNG,intr_21_12.PNG,intr_21_13.PNG,intr_21_14.PNG,intr_21_15.PNG,intr_21_16.PNG,intr_21_17.PNG,intr_21_18.PNG,intr_21_19.PNG,intr_21_20.PNG,intr_21_21.PNG,intr_21_22.PNG,intr_21_23.PNG,intr_21_24.PNG,intr_21_25.PNG,intr_21_26.PNG,intr_21_27.PNG,intr_21_28.PNG,intr_21_29.PNG,intr_21_30.PNG,intr_21_31.PNG,intr_21_32.PNG,intr_21_33.PNG,intr_21_34.PNG,intr_21_35.PNG',70),(71,'intr_22_1.PNG,intr_22_2.PNG,intr_22_3.PNG,intr_22_4.PNG,intr_22_5.PNG,intr_22_6.PNG,intr_22_7.PNG,intr_22_8.PNG,intr_22_9.PNG,intr_22_10.PNG,intr_22_11.PNG,intr_22_12.PNG,intr_22_13.PNG,intr_22_14.PNG',71),(72,'intr_23_1.PNG,intr_23_2.PNG,intr_23_3.PNG,intr_23_4.PNG,intr_23_5.PNG,intr_23_6.PNG,intr_23_7.PNG,intr_23_8.PNG,intr_23_9.PNG,intr_23_10.PNG,intr_23_11.PNG,intr_23_12.PNG,intr_23_13.PNG',72),(73,'elec_1_1.PNG,elec_1_2.PNG,elec_1_3.PNG,elec_1_4.PNG,elec_1_5.PNG,elec_1_6.PNG,elec_1_7.PNG,elec_1_8.PNG,elec_1_9.PNG,elec_1_10.PNG,elec_1_11.PNG,elec_1_12.PNG,elec_1_13.PNG,elec_1_14.PNG,elec_1_15.PNG,elec_1_16.PNG,elec_1_17.PNG,elec_1_18.PNG,elec_1_19.PNG,elec_1_20.PNG,elec_1_21.PNG,elec_1_22.PNG,elec_1_23.PNG,elec_1_24.PNG,elec_1_25.PNG,elec_1_26.PNG,elec_1_27.PNG,elec_1_28.PNG,elec_1_29.PNG,elec_1_30.PNG,elec_1_31.PNG,elec_1_32.PNG,elec_1_33.PNG,elec_1_34.PNG,elec_1_35.PNG,elec_1_36.PNG,elec_1_37.PNG,elec_1_38.PNG,elec_1_39.PNG,elec_1_40.PNG,elec_1_41.PNG,elec_1_42.PNG,elec_1_43.PNG,elec_1_44.PNG,elec_1_45.PNG,elec_1_46.PNG,elec_1_47.PNG,elec_1_48.PNG,elec_1_49.PNG,elec_1_50.PNG,elec_1_51.PNG,elec_1_52.PNG,elec_1_53.PNG,elec_1_54.PNG,elec_1_55.PNG,elec_1_56.PNG,elec_1_57.PNG,elec_1_58.PNG,elec_1_59.PNG,elec_1_60.PNG,elec_1_61.PNG,elec_1_62.PNG,elec_1_63.PNG,elec_1_64.PNG,elec_1_65.PNG,elec_1_66.PNG,elec_1_67.PNG,elec_1_68.PNG,elec_1_69.PNG,elec_1_70.PNG,elec_1_71.PNG,elec_1_72.PNG,elec_1_73.PNG,elec_1_74.PNG,elec_1_75.PNG,elec_1_76.PNG,elec_1_77.PNG,elec_1_78.PNG',73),(74,'elec_2_1.PNG,elec_2_2.PNG,elec_2_3.PNG,elec_2_4.PNG,elec_2_5.PNG,elec_2_6.PNG,elec_2_7.PNG,elec_2_8.PNG,elec_2_9.PNG,elec_2_10.PNG,elec_2_11.PNG,elec_2_12.PNG,elec_2_13.PNG,elec_2_14.PNG,elec_2_15.PNG,elec_2_16.PNG,elec_2_17.PNG,elec_2_18.PNG,elec_2_19.PNG,elec_2_20.PNG,elec_2_21.PNG,elec_2_22.PNG,elec_2_23.PNG,elec_2_24.PNG,elec_2_25.PNG,elec_2_26.PNG,elec_2_27.PNG,elec_2_28.PNG,elec_2_29.PNG,elec_2_30.PNG,elec_2_31.PNG,elec_2_32.PNG,elec_2_33.PNG,elec_2_34.PNG,elec_2_35.PNG,elec_2_36.PNG,elec_2_37.PNG,elec_2_38.PNG,elec_2_39.PNG,elec_2_40.PNG,elec_2_41.PNG,elec_2_42.PNG,elec_2_43.PNG,elec_2_44.PNG,elec_2_45.PNG,elec_2_46.PNG,elec_2_47.PNG,elec_2_48.PNG,elec_2_49.PNG,elec_2_50.PNG,elec_2_51.PNG,elec_2_52.PNG,elec_2_53.PNG,elec_2_54.PNG,elec_2_55.PNG,elec_2_56.PNG,elec_2_57.PNG,elec_2_58.PNG,elec_2_59.PNG,elec_2_60.PNG,elec_2_61.PNG,elec_2_62.PNG,elec_2_63.PNG,elec_2_64.PNG,elec_2_65.PNG,elec_2_66.PNG,elec_2_67.PNG,elec_2_68.PNG,elec_2_69.PNG,elec_2_70.PNG,elec_2_71.PNG,elec_2_72.PNG,elec_2_73.PNG,elec_2_74.PNG,elec_2_75.PNG,elec_2_76.PNG,elec_2_77.PNG,elec_2_78.PNG,elec_2_79.PNG,elec_2_80.PNG,elec_2_81.PNG,elec_2_82.PNG,elec_2_83.PNG,elec_2_84.PNG,elec_2_85.PNG,elec_2_86.PNG,elec_2_87.PNG,elec_2_88.PNG,elec_2_89.PNG,elec_2_90.PNG,elec_2_91.PNG,elec_2_92.PNG,elec_2_93.PNG',74),(75,'elec_3_1.PNG,elec_3_2.PNG,elec_3_3.PNG,elec_3_4.PNG,elec_3_5.PNG,elec_3_6.PNG,elec_3_7.PNG,elec_3_8.PNG,elec_3_9.PNG,elec_3_10.PNG,elec_3_11.PNG,elec_3_12.PNG,elec_3_13.PNG,elec_3_14.PNG,elec_3_15.PNG,elec_3_16.PNG,elec_3_17.PNG,elec_3_18.PNG,elec_3_19.PNG,elec_3_20.PNG,elec_3_21.PNG,elec_3_22.PNG,elec_3_23.PNG,elec_3_24.PNG,elec_3_25.PNG,elec_3_26.PNG,elec_3_27.PNG,elec_3_28.PNG,elec_3_29.PNG,elec_3_30.PNG,elec_3_31.PNG,elec_3_32.PNG,elec_3_33.PNG,elec_3_34.PNG',75),(76,'elec_4_1.PNG,elec_4_2.PNG,elec_4_3.PNG,elec_4_4.PNG,elec_4_5.PNG,elec_4_6.PNG,elec_4_7.PNG,elec_4_8.PNG,elec_4_9.PNG,elec_4_10.PNG,elec_4_11.PNG,elec_4_12.PNG,elec_4_13.PNG,elec_4_14.PNG,elec_4_15.PNG,elec_4_16.PNG,elec_4_17.PNG,elec_4_18.PNG,elec_4_19.PNG,elec_4_20.PNG,elec_4_21.PNG,elec_4_22.PNG,elec_4_23.PNG,elec_4_24.PNG,elec_4_25.PNG,elec_4_26.PNG,elec_4_27.PNG,elec_4_28.PNG,elec_4_29.PNG,elec_4_30.PNG,elec_4_31.PNG,elec_4_32.PNG,elec_4_33.PNG,elec_4_34.PNG,elec_4_35.PNG,elec_4_36.PNG,elec_4_37.PNG,elec_4_38.PNG,elec_4_39.PNG,elec_4_40.PNG,elec_4_41.PNG,elec_4_42.PNG,elec_4_43.PNG,elec_4_44.PNG,elec_4_45.PNG',76),(77,'elec_5_1.PNG,elec_5_2.PNG,elec_5_3.PNG,elec_5_4.PNG,elec_5_5.PNG,elec_5_6.PNG,elec_5_7.PNG,elec_5_8.PNG,elec_5_9.PNG,elec_5_10.PNG,elec_5_11.PNG,elec_5_12.PNG,elec_5_13.PNG,elec_5_14.PNG,elec_5_15.PNG,elec_5_16.PNG,elec_5_17.PNG,elec_5_18.PNG,elec_5_19.PNG,elec_5_20.PNG,elec_5_21.PNG,elec_5_22.PNG,elec_5_23.PNG,elec_5_24.PNG,elec_5_25.PNG,elec_5_26.PNG,elec_5_27.PNG,elec_5_28.PNG,elec_5_29.PNG,elec_5_30.PNG,elec_5_31.PNG,elec_5_32.PNG,elec_5_33.PNG,elec_5_34.PNG,elec_5_35.PNG,elec_5_36.PNG,elec_5_37.PNG,elec_5_38.PNG,elec_5_39.PNG,elec_5_40.PNG,elec_5_41.PNG,elec_5_42.PNG,elec_5_43.PNG,elec_5_44.PNG',77),(78,'elec_6_1.PNG,elec_6_2.PNG,elec_6_3.PNG,elec_6_4.PNG,elec_6_5.PNG,elec_6_6.PNG,elec_6_7.PNG,elec_6_8.PNG,elec_6_9.PNG,elec_6_10.PNG,elec_6_11.PNG,elec_6_12.PNG,elec_6_13.PNG,elec_6_14.PNG,elec_6_15.PNG,elec_6_16.PNG,elec_6_17.PNG,elec_6_18.PNG,elec_6_19.PNG,elec_6_20.PNG,elec_6_21.PNG,elec_6_22.PNG,elec_6_23.PNG,elec_6_24.PNG,elec_6_25.PNG,elec_6_26.PNG,elec_6_27.PNG,elec_6_28.PNG,elec_6_29.PNG,elec_6_30.PNG,elec_6_31.PNG,elec_6_32.PNG,elec_6_33.PNG,elec_6_34.PNG,elec_6_35.PNG,elec_6_36.PNG,elec_6_37.PNG,elec_6_38.PNG,elec_6_39.PNG,elec_6_40.PNG,elec_6_41.PNG,elec_6_42.PNG,elec_6_43.PNG,elec_6_44.PNG,elec_6_45.PNG,elec_6_46.PNG,elec_6_47.PNG,elec_6_48.PNG,elec_6_49.PNG,elec_6_50.PNG,elec_6_51.PNG,elec_6_52.PNG,elec_6_53.PNG,elec_6_54.PNG,elec_6_55.PNG,elec_6_56.PNG,elec_6_57.PNG,elec_6_58.PNG,elec_6_59.PNG,elec_6_60.PNG,elec_6_61.PNG,elec_6_62.PNG,elec_6_63.PNG,elec_6_64.PNG,elec_6_65.PNG,elec_6_66.PNG,elec_6_67.PNG,elec_6_68.PNG,elec_6_69.PNG,elec_6_70.PNG,elec_6_71.PNG,elec_6_72.PNG',78),(79,'elec_7_1.PNG,elec_7_2.PNG,elec_7_3.PNG,elec_7_4.PNG,elec_7_5.PNG,elec_7_6.PNG,elec_7_7.PNG,elec_7_8.PNG,elec_7_9.PNG,elec_7_10.PNG,elec_7_11.PNG,elec_7_12.PNG,elec_7_13.PNG,elec_7_14.PNG,elec_7_15.PNG,elec_7_16.PNG,elec_7_17.PNG,elec_7_18.PNG,elec_7_19.PNG,elec_7_20.PNG,elec_7_21.PNG,elec_7_22.PNG,elec_7_23.PNG,elec_7_24.PNG,elec_7_25.PNG,elec_7_26.PNG,elec_7_27.PNG,elec_7_28.PNG,elec_7_29.PNG,elec_7_30.PNG,elec_7_31.PNG,elec_7_32.PNG,elec_7_33.PNG,elec_7_34.PNG,elec_7_35.PNG,elec_7_36.PNG,elec_7_37.PNG,elec_7_38.PNG,elec_7_39.PNG,elec_7_40.PNG,elec_7_41.PNG,elec_7_42.PNG,elec_7_43.PNG,elec_7_44.PNG,elec_7_45.PNG,elec_7_46.PNG,elec_7_47.PNG,elec_7_48.PNG,elec_7_49.PNG,elec_7_50.PNG,elec_7_51.PNG,elec_7_52.PNG,elec_7_53.PNG,elec_7_54.PNG,elec_7_55.PNG,elec_7_56.PNG,elec_7_57.PNG,elec_7_58.PNG,elec_7_59.PNG,elec_7_60.PNG,elec_7_61.PNG,elec_7_62.PNG,elec_7_63.PNG,elec_7_64.PNG,elec_7_65.PNG,elec_7_66.PNG,elec_7_67.PNG,elec_7_68.PNG,elec_7_69.PNG,elec_7_70.PNG,elec_7_71.PNG,elec_7_72.PNG,elec_7_73.PNG,elec_7_74.PNG,elec_7_75.PNG,elec_7_76.PNG,elec_7_77.PNG,elec_7_78.PNG,elec_7_79.PNG,elec_7_80.PNG,elec_7_81.PNG,elec_7_82.PNG,elec_7_83.PNG,elec_7_84.PNG,elec_7_85.PNG,elec_7_86.PNG,elec_7_87.PNG,elec_7_88.PNG,elec_7_89.PNG,elec_7_90.PNG,elec_7_91.PNG,elec_7_92.PNG,elec_7_93.PNG,elec_7_94.PNG,elec_7_95.PNG,elec_7_96.PNG,elec_7_97.PNG,elec_7_98.PNG,elec_7_99.PNG,elec_7_100.PNG,elec_7_101.PNG,elec_7_102.PNG,elec_7_103.PNG,elec_7_104.PNG,elec_7_105.PNG,elec_7_106.PNG,elec_7_107.PNG,elec_7_108.PNG,elec_7_109.PNG,elec_7_110.PNG,elec_7_111.PNG,elec_7_112.PNG,elec_7_113.PNG',79),(80,'elec_8_1.PNG,elec_8_2.PNG,elec_8_3.PNG,elec_8_4.PNG,elec_8_5.PNG,elec_8_6.PNG,elec_8_7.PNG,elec_8_8.PNG,elec_8_9.PNG,elec_8_10.PNG,elec_8_11.PNG,elec_8_12.PNG,elec_8_13.PNG,elec_8_14.PNG,elec_8_15.PNG,elec_8_16.PNG,elec_8_17.PNG,elec_8_18.PNG,elec_8_19.PNG,elec_8_20.PNG,elec_8_21.PNG,elec_8_22.PNG,elec_8_23.PNG,elec_8_24.PNG,elec_8_25.PNG,elec_8_26.PNG,elec_8_27.PNG,elec_8_28.PNG,elec_8_29.PNG,elec_8_30.PNG,elec_8_31.PNG,elec_8_32.PNG,elec_8_33.PNG,elec_8_34.PNG,elec_8_35.PNG,elec_8_36.PNG,elec_8_37.PNG,elec_8_38.PNG,elec_8_39.PNG,elec_8_40.PNG,elec_8_41.PNG,elec_8_42.PNG,elec_8_43.PNG,elec_8_44.PNG,elec_8_45.PNG,elec_8_46.PNG,elec_8_47.PNG,elec_8_48.PNG,elec_8_49.PNG,elec_8_50.PNG,elec_8_51.PNG,elec_8_52.PNG,elec_8_53.PNG,elec_8_54.PNG,elec_8_55.PNG,elec_8_56.PNG,elec_8_57.PNG,elec_8_58.PNG,elec_8_59.PNG,elec_8_60.PNG,elec_8_61.PNG,elec_8_62.PNG,elec_8_63.PNG,elec_8_64.PNG,elec_8_65.PNG,elec_8_66.PNG,elec_8_67.PNG',80),(81,'elec_9_1.PNG,elec_9_2.PNG,elec_9_3.PNG,elec_9_4.PNG,elec_9_5.PNG,elec_9_6.PNG,elec_9_7.PNG,elec_9_8.PNG,elec_9_9.PNG,elec_9_10.PNG,elec_9_11.PNG,elec_9_12.PNG,elec_9_13.PNG,elec_9_14.PNG,elec_9_15.PNG,elec_9_16.PNG,elec_9_17.PNG,elec_9_18.PNG,elec_9_19.PNG,elec_9_20.PNG,elec_9_21.PNG,elec_9_22.PNG,elec_9_23.PNG,elec_9_24.PNG,elec_9_25.PNG,elec_9_26.PNG,elec_9_27.PNG,elec_9_28.PNG,elec_9_29.PNG,elec_9_30.PNG,elec_9_31.PNG,elec_9_32.PNG,elec_9_33.PNG,elec_9_34.PNG,elec_9_35.PNG,elec_9_36.PNG,elec_9_37.PNG,elec_9_38.PNG,elec_9_39.PNG,elec_9_40.PNG,elec_9_41.PNG,elec_9_42.PNG,elec_9_43.PNG,elec_9_44.PNG,elec_9_45.PNG,elec_9_46.PNG,elec_9_47.PNG,elec_9_48.PNG,elec_9_49.PNG,elec_9_50.PNG,elec_9_51.PNG,elec_9_52.PNG,elec_9_53.PNG,elec_9_54.PNG,elec_9_55.PNG',81),(82,'elec_10_1.PNG,elec_10_2.PNG,elec_10_3.PNG,elec_10_4.PNG,elec_10_5.PNG,elec_10_6.PNG,elec_10_7.PNG,elec_10_8.PNG,elec_10_9.PNG,elec_10_10.PNG,elec_10_11.PNG,elec_10_12.PNG,elec_10_13.PNG,elec_10_14.PNG,elec_10_15.PNG,elec_10_16.PNG,elec_10_17.PNG,elec_10_18.PNG,elec_10_19.PNG,elec_10_20.PNG,elec_10_21.PNG,elec_10_22.PNG,elec_10_23.PNG,elec_10_24.PNG,elec_10_25.PNG,elec_10_26.PNG,elec_10_27.PNG,elec_10_28.PNG,elec_10_29.PNG,elec_10_30.PNG,elec_10_31.PNG,elec_10_32.PNG,elec_10_33.PNG,elec_10_34.PNG,elec_10_35.PNG,elec_10_36.PNG,elec_10_37.PNG,elec_10_38.PNG,elec_10_39.PNG,elec_10_40.PNG,elec_10_41.PNG,elec_10_42.PNG,elec_10_43.PNG,elec_10_44.PNG,elec_10_45.PNG,elec_10_46.PNG,elec_10_47.PNG,elec_10_48.PNG,elec_10_49.PNG,elec_10_50.PNG,elec_10_51.PNG,elec_10_52.PNG,elec_10_53.PNG,elec_10_54.PNG,elec_10_55.PNG,elec_10_56.PNG,elec_10_57.PNG,elec_10_58.PNG,elec_10_59.PNG,elec_10_60.PNG,elec_10_61.PNG,elec_10_62.PNG,elec_10_63.PNG,elec_10_64.PNG,elec_10_65.PNG,elec_10_66.PNG,elec_10_67.PNG,elec_10_68.PNG,elec_10_69.PNG,elec_10_70.PNG,elec_10_71.PNG,elec_10_72.PNG,elec_10_73.PNG,elec_10_74.PNG,elec_10_75.PNG,elec_10_76.PNG,elec_10_77.PNG,elec_10_78.PNG,elec_10_79.PNG,elec_10_80.PNG,elec_10_81.PNG,elec_10_82.PNG,elec_10_83.PNG,elec_10_84.PNG,elec_10_85.PNG,elec_10_86.PNG,elec_10_87.PNG,elec_10_88.PNG',82),(83,'elec_11_1.PNG,elec_11_2.PNG,elec_11_3.PNG,elec_11_4.PNG,elec_11_5.PNG,elec_11_6.PNG,elec_11_7.PNG,elec_11_8.PNG,elec_11_9.PNG,elec_11_10.PNG,elec_11_11.PNG,elec_11_12.PNG,elec_11_13.PNG,elec_11_14.PNG,elec_11_15.PNG,elec_11_16.PNG,elec_11_17.PNG,elec_11_18.PNG,elec_11_19.PNG,elec_11_20.PNG,elec_11_21.PNG,elec_11_22.PNG,elec_11_23.PNG,elec_11_24.PNG,elec_11_25.PNG,elec_11_26.PNG,elec_11_27.PNG,elec_11_28.PNG,elec_11_29.PNG,elec_11_30.PNG,elec_11_31.PNG,elec_11_32.PNG,elec_11_33.PNG,elec_11_34.PNG,elec_11_35.PNG,elec_11_36.PNG,elec_11_37.PNG,elec_11_38.PNG,elec_11_39.PNG,elec_11_40.PNG,elec_11_41.PNG,elec_11_42.PNG,elec_11_43.PNG,elec_11_44.PNG,elec_11_45.PNG,elec_11_46.PNG,elec_11_47.PNG,elec_11_48.PNG,elec_11_49.PNG,elec_11_50.PNG,elec_11_51.PNG,elec_11_52.PNG,elec_11_53.PNG,elec_11_54.PNG,elec_11_55.PNG,elec_11_56.PNG,elec_11_57.PNG,elec_11_58.PNG,elec_11_59.PNG,elec_11_60.PNG,elec_11_61.PNG,elec_11_62.PNG,elec_11_63.PNG,elec_11_64.PNG,elec_11_65.PNG,elec_11_66.PNG,elec_11_67.PNG,elec_11_68.PNG,elec_11_69.PNG,elec_11_70.PNG,elec_11_71.PNG,elec_11_72.PNG,elec_11_73.PNG,elec_11_74.PNG,elec_11_75.PNG,elec_11_76.PNG,elec_11_77.PNG,elec_11_78.PNG,elec_11_79.PNG,elec_11_80.PNG,elec_11_81.PNG,elec_11_82.PNG,elec_11_83.PNG,elec_11_84.PNG,elec_11_85.PNG,elec_11_86.PNG,elec_11_87.PNG,elec_11_88.PNG,elec_11_89.PNG,elec_11_90.PNG,elec_11_91.PNG,elec_11_92.PNG,elec_11_93.PNG,elec_11_94.PNG,elec_11_95.PNG,elec_11_96.PNG,elec_11_97.PNG,elec_11_98.PNG,elec_11_99.PNG,elec_11_100.PNG,elec_11_101.PNG,elec_11_102.PNG,elec_11_103.PNG,elec_11_104.PNG,elec_11_105.PNG,elec_11_106.PNG,elec_11_107.PNG,elec_11_108.PNG,elec_11_109.PNG,elec_11_110.PNG,elec_11_111.PNG',83),(84,'elec_12_1.PNG,elec_12_2.PNG,elec_12_3.PNG,elec_12_4.PNG,elec_12_5.PNG,elec_12_6.PNG,elec_12_7.PNG,elec_12_8.PNG,elec_12_9.PNG,elec_12_10.PNG,elec_12_11.PNG,elec_12_12.PNG,elec_12_13.PNG,elec_12_14.PNG,elec_12_15.PNG,elec_12_16.PNG,elec_12_17.PNG,elec_12_18.PNG,elec_12_19.PNG,elec_12_20.PNG,elec_12_21.PNG,elec_12_22.PNG,elec_12_23.PNG,elec_12_24.PNG,elec_12_25.PNG,elec_12_26.PNG,elec_12_27.PNG,elec_12_28.PNG,elec_12_29.PNG,elec_12_30.PNG,elec_12_31.PNG,elec_12_32.PNG,elec_12_33.PNG,elec_12_34.PNG,elec_12_35.PNG,elec_12_36.PNG,elec_12_37.PNG,elec_12_38.PNG,elec_12_39.PNG,elec_12_40.PNG,elec_12_41.PNG,elec_12_42.PNG,elec_12_43.PNG,elec_12_44.PNG,elec_12_45.PNG,elec_12_46.PNG',84),(85,'elec_13_1.PNG,elec_13_2.PNG,elec_13_3.PNG,elec_13_4.PNG,elec_13_5.PNG,elec_13_6.PNG,elec_13_7.PNG,elec_13_8.PNG,elec_13_9.PNG,elec_13_10.PNG,elec_13_11.PNG,elec_13_12.PNG,elec_13_13.PNG,elec_13_14.PNG,elec_13_15.PNG,elec_13_16.PNG,elec_13_17.PNG,elec_13_18.PNG,elec_13_19.PNG,elec_13_20.PNG,elec_13_21.PNG,elec_13_22.PNG,elec_13_23.PNG,elec_13_24.PNG,elec_13_25.PNG,elec_13_26.PNG,elec_13_27.PNG,elec_13_28.PNG,elec_13_29.PNG,elec_13_30.PNG,elec_13_31.PNG,elec_13_32.PNG,elec_13_33.PNG,elec_13_34.PNG,elec_13_35.PNG,elec_13_36.PNG,elec_13_37.PNG,elec_13_38.PNG,elec_13_39.PNG,elec_13_40.PNG,elec_13_41.PNG,elec_13_42.PNG,elec_13_43.PNG,elec_13_44.PNG,elec_13_45.PNG,elec_13_46.PNG,elec_13_47.PNG,elec_13_48.PNG,elec_13_49.PNG,elec_13_50.PNG,elec_13_51.PNG,elec_13_52.PNG',85),(86,'elec_14_1.PNG,elec_14_2.PNG,elec_14_3.PNG,elec_14_4.PNG,elec_14_5.PNG,elec_14_6.PNG,elec_14_7.PNG,elec_14_8.PNG,elec_14_9.PNG,elec_14_10.PNG,elec_14_11.PNG,elec_14_12.PNG,elec_14_13.PNG,elec_14_14.PNG,elec_14_15.PNG,elec_14_16.PNG,elec_14_17.PNG,elec_14_18.PNG,elec_14_19.PNG,elec_14_20.PNG,elec_14_21.PNG,elec_14_22.PNG,elec_14_23.PNG,elec_14_24.PNG,elec_14_25.PNG,elec_14_26.PNG,elec_14_27.PNG,elec_14_28.PNG,elec_14_29.PNG,elec_14_30.PNG,elec_14_31.PNG,elec_14_32.PNG,elec_14_33.PNG,elec_14_34.PNG,elec_14_35.PNG,elec_14_36.PNG,elec_14_37.PNG,elec_14_38.PNG,elec_14_39.PNG,elec_14_40.PNG,elec_14_41.PNG,elec_14_42.PNG,elec_14_43.PNG,elec_14_44.PNG,elec_14_45.PNG,elec_14_46.PNG,elec_14_47.PNG,elec_14_48.PNG,elec_14_49.PNG,elec_14_50.PNG,elec_14_51.PNG',86),(87,'sql_1_1.PNG,sql_1_2.PNG,sql_1_3.PNG,sql_1_4.PNG,sql_1_5.PNG,sql_1_6.PNG,sql_1_7.PNG,sql_1_8.PNG,sql_1_9.PNG,sql_1_10.PNG,sql_1_11.PNG,sql_1_12.PNG,sql_1_13.PNG,sql_1_14.PNG,sql_1_15.PNG,sql_1_16.PNG,sql_1_17.PNG,sql_1_18.PNG,sql_1_19.PNG,sql_1_20.PNG,sql_1_21.PNG,sql_1_22.PNG,sql_1_23.PNG',87),(88,'sql_2_1.PNG,sql_2_2.PNG,sql_2_3.PNG,sql_2_4.PNG,sql_2_5.PNG,sql_2_6.PNG,sql_2_7.PNG,sql_2_8.PNG,sql_2_9.PNG,sql_2_10.PNG,sql_2_11.PNG,sql_2_12.PNG,sql_2_13.PNG,sql_2_14.PNG,sql_2_15.PNG,sql_2_16.PNG,sql_2_17.PNG,sql_2_18.PNG,sql_2_19.PNG,sql_2_20.PNG,sql_2_21.PNG,sql_2_22.PNG,sql_2_23.PNG,sql_2_24.PNG,sql_2_25.PNG,sql_2_26.PNG,sql_2_27.PNG,sql_2_28.PNG,sql_2_29.PNG,sql_2_30.PNG,sql_2_31.PNG,sql_2_32.PNG,sql_2_33.PNG,sql_2_34.PNG,sql_2_35.PNG,sql_2_36.PNG,sql_2_37.PNG,sql_2_38.PNG,sql_2_39.PNG,sql_2_40.PNG,sql_2_41.PNG,sql_2_42.PNG,sql_2_43.PNG,sql_2_44.PNG,sql_2_45.PNG',88),(89,'sql_3_1.PNG,sql_3_2.PNG,sql_3_3.PNG,sql_3_4.PNG,sql_3_5.PNG,sql_3_6.PNG,sql_3_7.PNG,sql_3_8.PNG,sql_3_9.PNG,sql_3_10.PNG,sql_3_11.PNG,sql_3_12.PNG,sql_3_13.PNG,sql_3_14.PNG,sql_3_15.PNG,sql_3_16.PNG,sql_3_17.PNG,sql_3_18.PNG,sql_3_19.PNG,sql_3_20.PNG,sql_3_21.PNG,sql_3_22.PNG,sql_3_23.PNG,sql_3_24.PNG,sql_3_25.PNG,sql_3_26.PNG,sql_3_27.PNG,sql_3_28.PNG,sql_3_29.PNG,sql_3_30.PNG,sql_3_31.PNG,sql_3_32.PNG,sql_3_33.PNG,sql_3_34.PNG,sql_3_35.PNG,sql_3_36.PNG,sql_3_37.PNG,sql_3_38.PNG,sql_3_39.PNG,sql_3_40.PNG,sql_3_41.PNG,sql_3_42.PNG,sql_3_43.PNG,sql_3_44.PNG,sql_3_45.PNG,sql_3_46.PNG,sql_3_47.PNG,sql_3_48.PNG,sql_3_49.PNG,sql_3_50.PNG,sql_3_51.PNG,sql_3_52.PNG,sql_3_53.PNG,sql_3_54.PNG,sql_3_55.PNG,sql_3_56.PNG,sql_3_57.PNG,sql_3_58.PNG,sql_3_59.PNG,sql_3_60.PNG,sql_3_61.PNG,sql_3_62.PNG,sql_3_63.PNG,sql_3_64.PNG,sql_3_65.PNG,sql_3_66.PNG,sql_3_67.PNG,sql_3_68.PNG,sql_3_69.PNG,sql_3_70.PNG',89),(90,'sql_4_1.PNG,sql_4_2.PNG,sql_4_3.PNG,sql_4_4.PNG,sql_4_5.PNG,sql_4_6.PNG,sql_4_7.PNG,sql_4_8.PNG,sql_4_9.PNG,sql_4_10.PNG,sql_4_11.PNG,sql_4_12.PNG,sql_4_13.PNG,sql_4_14.PNG,sql_4_15.PNG,sql_4_16.PNG,sql_4_17.PNG,sql_4_18.PNG,sql_4_19.PNG,sql_4_20.PNG,sql_4_21.PNG,sql_4_22.PNG,sql_4_23.PNG,sql_4_24.PNG,sql_4_25.PNG,sql_4_26.PNG,sql_4_27.PNG,sql_4_28.PNG,sql_4_29.PNG,sql_4_30.PNG,sql_4_31.PNG,sql_4_32.PNG,sql_4_33.PNG,sql_4_34.PNG,sql_4_35.PNG,sql_4_36.PNG,sql_4_37.PNG,sql_4_38.PNG,sql_4_39.PNG,sql_4_40.PNG,sql_4_41.PNG,sql_4_42.PNG,sql_4_43.PNG,sql_4_44.PNG,sql_4_45.PNG,sql_4_46.PNG,sql_4_47.PNG,sql_4_48.PNG,sql_4_49.PNG,sql_4_50.PNG,sql_4_51.PNG,sql_4_52.PNG,sql_4_53.PNG,sql_4_54.PNG,sql_4_55.PNG,sql_4_56.PNG,sql_4_57.PNG,sql_4_58.PNG,sql_4_59.PNG,sql_4_60.PNG,sql_4_61.PNG,sql_4_62.PNG,sql_4_63.PNG,sql_4_64.PNG,sql_4_65.PNG,sql_4_66.PNG,sql_4_67.PNG,sql_4_68.PNG,sql_4_69.PNG,sql_4_70.PNG,sql_4_71.PNG,sql_4_72.PNG,sql_4_73.PNG,sql_4_74.PNG,sql_4_75.PNG,sql_4_76.PNG,sql_4_77.PNG',90),(91,'sql_5_1.PNG,sql_5_2.PNG,sql_5_3.PNG,sql_5_4.PNG,sql_5_5.PNG,sql_5_6.PNG,sql_5_7.PNG,sql_5_8.PNG,sql_5_9.PNG,sql_5_10.PNG,sql_5_11.PNG,sql_5_12.PNG,sql_5_13.PNG,sql_5_14.PNG,sql_5_15.PNG,sql_5_16.PNG,sql_5_17.PNG,sql_5_18.PNG,sql_5_19.PNG,sql_5_20.PNG,sql_5_21.PNG,sql_5_22.PNG,sql_5_23.PNG,sql_5_24.PNG,sql_5_25.PNG,sql_5_26.PNG,sql_5_27.PNG,sql_5_28.PNG,sql_5_29.PNG,sql_5_30.PNG,sql_5_31.PNG,sql_5_32.PNG,sql_5_33.PNG,sql_5_34.PNG,sql_5_35.PNG,sql_5_36.PNG,sql_5_37.PNG,sql_5_38.PNG,sql_5_39.PNG,sql_5_40.PNG,sql_5_41.PNG,sql_5_42.PNG,sql_5_43.PNG,sql_5_44.PNG',91),(92,'sql_6_1.PNG,sql_6_2.PNG,sql_6_3.PNG,sql_6_4.PNG,sql_6_5.PNG,sql_6_6.PNG,sql_6_7.PNG,sql_6_8.PNG,sql_6_9.PNG,sql_6_10.PNG,sql_6_11.PNG,sql_6_12.PNG,sql_6_13.PNG,sql_6_14.PNG,sql_6_15.PNG,sql_6_16.PNG,sql_6_17.PNG,sql_6_18.PNG,sql_6_19.PNG,sql_6_20.PNG,sql_6_21.PNG,sql_6_22.PNG,sql_6_23.PNG,sql_6_24.PNG,sql_6_25.PNG,sql_6_26.PNG,sql_6_27.PNG,sql_6_28.PNG,sql_6_29.PNG',92),(93,'sql_7_1.PNG,sql_7_2.PNG,sql_7_3.PNG,sql_7_4.PNG,sql_7_5.PNG,sql_7_6.PNG,sql_7_7.PNG,sql_7_8.PNG,sql_7_9.PNG,sql_7_10.PNG,sql_7_11.PNG,sql_7_12.PNG,sql_7_13.PNG,sql_7_14.PNG,sql_7_15.PNG,sql_7_16.PNG,sql_7_17.PNG,sql_7_18.PNG',93),(94,'sql_8_1.PNG,sql_8_2.PNG,sql_8_3.PNG,sql_8_4.PNG,sql_8_5.PNG,sql_8_6.PNG,sql_8_7.PNG,sql_8_8.PNG,sql_8_9.PNG,sql_8_10.PNG,sql_8_11.PNG,sql_8_12.PNG,sql_8_13.PNG,sql_8_14.PNG,sql_8_15.PNG,sql_8_16.PNG,sql_8_17.PNG,sql_8_18.PNG,sql_8_19.PNG,sql_8_20.PNG,sql_8_21.PNG,sql_8_22.PNG,sql_8_23.PNG,sql_8_24.PNG,sql_8_25.PNG,sql_8_26.PNG,sql_8_27.PNG,sql_8_28.PNG,sql_8_29.PNG,sql_8_30.PNG,sql_8_31.PNG,sql_8_32.PNG,sql_8_33.PNG,sql_8_34.PNG,sql_8_35.PNG,sql_8_36.PNG,sql_8_37.PNG',94),(95,'sql_9_1.PNG,sql_9_2.PNG,sql_9_3.PNG,sql_9_4.PNG,sql_9_5.PNG,sql_9_6.PNG,sql_9_7.PNG,sql_9_8.PNG,sql_9_9.PNG,sql_9_10.PNG,sql_9_11.PNG,sql_9_12.PNG,sql_9_13.PNG,sql_9_14.PNG,sql_9_15.PNG,sql_9_16.PNG,sql_9_17.PNG,sql_9_18.PNG,sql_9_19.PNG,sql_9_20.PNG,sql_9_21.PNG,sql_9_22.PNG,sql_9_23.PNG,sql_9_24.PNG,sql_9_25.PNG,sql_9_26.PNG,sql_9_27.PNG,sql_9_28.PNG,sql_9_29.PNG,sql_9_30.PNG,sql_9_31.PNG,sql_9_32.PNG,sql_9_33.PNG,sql_9_34.PNG,sql_9_35.PNG,sql_9_36.PNG,sql_9_37.PNG,sql_9_38.PNG,sql_9_39.PNG,sql_9_40.PNG,sql_9_41.PNG',95),(96,'sql_10_1.PNG,sql_10_2.PNG,sql_10_3.PNG,sql_10_4.PNG,sql_10_5.PNG,sql_10_6.PNG,sql_10_7.PNG,sql_10_8.PNG,sql_10_9.PNG,sql_10_10.PNG,sql_10_11.PNG,sql_10_12.PNG,sql_10_13.PNG,sql_10_14.PNG,sql_10_15.PNG,sql_10_16.PNG,sql_10_17.PNG,sql_10_18.PNG,sql_10_19.PNG,sql_10_20.PNG,sql_10_21.PNG,sql_10_22.PNG,sql_10_23.PNG,sql_10_24.PNG,sql_10_25.PNG,sql_10_26.PNG,sql_10_27.PNG,sql_10_28.PNG,sql_10_29.PNG,sql_10_30.PNG,sql_10_31.PNG,sql_10_32.PNG,sql_10_33.PNG,sql_10_34.PNG,sql_10_35.PNG,sql_10_36.PNG,sql_10_37.PNG',96),(97,'sql_11_1.PNG,sql_11_2.PNG,sql_11_3.PNG,sql_11_4.PNG,sql_11_5.PNG,sql_11_6.PNG,sql_11_7.PNG,sql_11_8.PNG,sql_11_9.PNG,sql_11_10.PNG',97),(98,'sql_12_1.PNG,sql_12_2.PNG,sql_12_3.PNG,sql_12_4.PNG,sql_12_5.PNG,sql_12_6.PNG,sql_12_7.PNG,sql_12_8.PNG,sql_12_9.PNG,sql_12_10.PNG,sql_12_11.PNG,sql_12_12.PNG',98);

/*Table structure for table `class_title` */

DROP TABLE IF EXISTS `class_title`;

CREATE TABLE `class_title` (
  `id` int(11) NOT NULL AUTO_INCREMENT,
  `c_name` varchar(30) DEFAULT NULL,
  `c_img` varchar(30) DEFAULT NULL,
  `proj_id` int(11) DEFAULT NULL,
  PRIMARY KEY (`id`)
) ENGINE=InnoDB AUTO_INCREMENT=99 DEFAULT CHARSET=utf8;

/*Data for the table `class_title` */

insert  into `class_title`(`id`,`c_name`,`c_img`,`proj_id`) values (1,'2 Android','img_proj/img.png',1),(2,'3_Activity','img_proj/img.png',1),(3,'4_','img_proj/img.png',1),(4,'5_','img_proj/img.png',1),(5,'6_Intent','img_proj/img.png',1),(6,'7_Servive','img_proj/img.png',1),(7,'8 BradcastReceiver','img_proj/img.png',1),(8,'9_Content Provider','img_proj/img.png',1),(9,'10_Fragment','img_proj/img.png',1),(10,'11_','img_proj/img.png',1),(11,'12_UI','img_proj/img.png',1),(12,'13_Menu','img_proj/img.png',1),(13,'14_ActionBar','img_proj/img.png',1),(14,'15_','img_proj/img.png',1),(15,'16_Dialog','img_proj/img.png',1),(16,'17_Alarm','img_proj/img.png',1),(17,'18_','img_proj/img.png',1),(18,'19_View','img_proj/img.png',1),(19,'20_','img_proj/img.png',1),(20,'21_Preferences','img_proj/img.png',1),(21,'22_','img_proj/img.png',1),(22,'23_','img_proj/img.png',1),(23,'0_','img_proj/img.png',2),(24,'1_','img_proj/img.png',2),(25,'2_','img_proj/img.png',2),(26,'3_','img_proj/img.png',2),(27,'4_','img_proj/img.png',2),(28,'5_','img_proj/img.png',2),(29,'6_','img_proj/img.png',2),(30,'7_','img_proj/img.png',2),(31,'1_JSP','img_proj/img.png',3),(32,'2_Web','img_proj/img.png',3),(33,'3_JSP','img_proj/img.png',3),(34,'4_JSP','img_proj/img.png',3),(35,'5_JavaBean','img_proj/img.png',3),(36,'6_','img_proj/img.png',3),(37,'7_JSP','img_proj/img.png',3),(38,'8_Servlet','img_proj/img.png',3),(39,'9_ServletMVC','img_proj/img.png',3),(40,'10  JSPXML','img_proj/img.png',3),(41,'11  ','img_proj/img.png',3),(42,'_','img_proj/img.png',4),(43,'_','img_proj/img.png',4),(44,'_2','img_proj/img.png',4),(45,'_','img_proj/img.png',4),(46,'_2','img_proj/img.png',4),(47,'_','img_proj/img.png',4),(48,'_','img_proj/img.png',4),(49,'_','img_proj/img.png',4),(50,'11.1_','img_proj/img.png',5),(51,'11.2_','img_proj/img.png',5),(52,'11.3_','img_proj/img.png',5),(53,'22.1_','img_proj/img.png',5),(54,'22.2_CPU','img_proj/img.png',5),(55,'22.3_PC','img_proj/img.png',5),(56,'22.4_','img_proj/img.png',5),(57,'22.5_','img_proj/img.png',5),(58,'22.6_','img_proj/img.png',5),(59,'33.1_','img_proj/img.png',5),(60,'33.2_','img_proj/img.png',5),(61,'33.3_','img_proj/img.png',5),(62,'44.1_','img_proj/img.png',5),(63,'44.2_','img_proj/img.png',5),(64,'44.3_','img_proj/img.png',5),(65,'44.4_','img_proj/img.png',5),(66,'44.5_','img_proj/img.png',5),(67,'55.1_','img_proj/img.png',5),(68,'55.2_','img_proj/img.png',5),(69,'55.3_','img_proj/img.png',5),(70,'55.4_','img_proj/img.png',5),(71,'66.1_','img_proj/img.png',5),(72,'66.2_','img_proj/img.png',5),(73,'1_','img_proj/img.png',6),(74,'2_','img_proj/img.png',6),(75,'3_','img_proj/img.png',6),(76,'4_','img_proj/img.png',6),(77,'5_','img_proj/img.png',6),(78,'6_','img_proj/img.png',6),(79,'7_','img_proj/img.png',6),(80,'8_','img_proj/img.png',6),(81,'9_','img_proj/img.png',6),(82,'10_','img_proj/img.png',6),(83,'11_','img_proj/img.png',6),(84,'12_','img_proj/img.png',6),(85,'13_','img_proj/img.png',6),(86,'14_EDAVHDL','img_proj/img.png',6),(87,'01_','img_proj/img.png',7),(88,'02_','img_proj/img.png',7),(89,'03_','img_proj/img.png',7),(90,'04_','img_proj/img.png',7),(91,'05_','img_proj/img.png',7),(92,'06_','img_proj/img.png',7),(93,'07_','img_proj/img.png',7),(94,'08_','img_proj/img.png',7),(95,'09_','img_proj/img.png',7),(96,'10_','img_proj/img.png',7),(97,'11_','img_proj/img.png',7),(98,'13_C#.Net','img_proj/img.png',7);

/*Table structure for table `discuss` */

DROP TABLE IF EXISTS `discuss`;

CREATE TABLE `discuss` (
  `id` int(11) NOT NULL AUTO_INCREMENT,
  `d_content` varchar(255) DEFAULT NULL,
  `d_time` varchar(25) DEFAULT NULL,
  `f_id` int(11) NOT NULL,
  `user_id` int(11) NOT NULL,
  PRIMARY KEY (`id`)
) ENGINE=InnoDB AUTO_INCREMENT=236 DEFAULT CHARSET=utf8;

/*Data for the table `discuss` */

insert  into `discuss`(`id`,`d_content`,`d_time`,`f_id`,`user_id`) values (1,'this is discuss_content','2017-02-12 14:39:00',1,1),(2,'this is discuss_content2','2017-02-12 14:41:00',1,2),(3,'this is discuss_content3','2017-02-14 16:45:00',1,2),(4,'this is discuss_content4','2017-02-14 16:47:00',1,1),(5,'this is discuss_content5','2017-02-14 16:48:00',1,2),(6,'','2017-02-14 21:10:41',4,1),(7,'','2017-02-14 21:15:47',4,1),(8,'','2017-02-14 21:19:23',5,1),(9,'','201404404',1,1),(10,'jjjhh','2017-03-17 19:37:43',8,1),(11,'dfghj','2017-03-18 15:37:43',6,1),(12,'fhjgfhj','2017-03-18 15:38:30',8,1),(13,'','2017-03-18 17:20:55',7,1),(14,'','2017-03-18 18:54:42',6,1),(15,'owlOK','2017-03-18 19:45:55',7,1),(16,'','2017-03-18 19:46:08',7,1),(17,'','2017-03-18 19:46:28',7,1),(18,'','2017-03-18 19:48:10',7,1),(19,'','2017-03-18 19:50:32',7,1),(20,'','2017-03-18 19:51:40',8,1),(21,'','2017-03-18 19:53:17',5,1),(22,'','2017-03-18 19:57:13',8,1),(23,'','2017-03-18 19:58:26',6,1),(24,'','2017-03-19 17:33:23',8,1),(25,'','2017-03-19 17:33:35',8,1),(26,'','2017-03-19 19:25:13',14,1),(27,'','2017-03-19 19:25:42',14,1),(28,'','2017-03-19 19:31:37',14,1),(29,'','2017-03-19 19:31:37',14,1),(30,'','2017-03-19 19:31:37',14,1),(31,'','2017-03-19 19:31:56',14,1),(32,'','2017-03-19 19:40:10',14,1),(33,'','2017-03-19 19:41:25',14,1),(34,'','2017-03-19 20:24:17',16,1),(35,'','2017-03-19 20:31:21',16,1),(36,'','2017-03-19 20:31:59',16,1),(37,'','2017-03-19 20:35:59',16,1),(38,'','2017-03-19 20:39:39',16,1),(39,'','2017-03-19 20:58:55',16,1),(40,'','2017-03-19 20:59:09',16,1),(41,'','2017-03-19 22:01:28',14,1),(42,'','2017-03-19 22:08:24',16,1),(43,'','2017-03-19 22:08:24',16,1),(44,'','2017-03-21 11:50:12',15,1),(45,'1','2017-03-21 17:13:12',17,1),(46,'2','2017-03-21 17:13:18',17,1),(47,'3','2017-03-21 17:13:34',17,1),(48,'4','2017-03-21 17:13:39',17,1),(49,'5','2017-03-21 17:13:44',17,1),(50,'6','2017-03-21 17:13:48',17,1),(51,'7','2017-03-21 17:13:52',17,1),(52,'8','2017-03-21 17:13:57',17,1),(53,'9','2017-03-21 17:14:01',17,1),(54,'10','2017-03-21 17:14:07',17,1),(55,'','2017-03-21 17:16:41',16,1),(56,'','2017-03-21 17:20:50',15,1),(57,'','2017-03-21 17:21:01',15,1),(58,'','2017-03-21 17:21:13',15,1),(59,'','2017-03-21 17:43:23',18,1),(61,'11','2017-03-21 20:12:03',17,1),(62,'12','2017-03-21 20:12:59',17,1),(63,'13','2017-03-21 20:13:06',17,1),(64,'14','2017-03-21 20:13:28',17,1),(65,'15','2017-03-21 20:13:37',17,1),(66,'16','2017-03-21 20:34:25',17,1),(67,'17','2017-03-21 20:34:29',17,1),(68,'18','2017-03-21 20:34:34',17,1),(69,'19','2017-03-21 20:34:39',17,1),(70,'20','2017-03-21 20:34:43',17,1),(71,'21','2017-03-21 20:34:48',17,1),(72,'22','2017-03-21 20:34:52',17,1),(73,'23','2017-03-21 20:34:57',17,1),(74,'24','2017-03-21 20:35:01',17,1),(75,'25','2017-03-21 20:35:05',17,1),(76,'26','2017-03-21 20:35:09',17,1),(77,'26','2017-03-21 20:35:14',17,1),(78,'27','2017-03-21 20:35:18',17,1),(79,'28','2017-03-21 20:35:22',17,1),(80,'29','2017-03-21 20:35:26',17,1),(81,'30','2017-03-21 20:35:30',17,1),(82,'jsjfnfnmdks','2017-03-21 21:49:02',18,1),(83,'','2017-03-21 21:49:27',18,1),(84,'','2017-03-21 21:49:38',18,1),(85,'','2017-03-21 21:49:49',18,1),(86,'','2017-03-21 21:50:08',18,1),(87,'31','2017-03-21 21:52:39',17,1),(88,'','2017-03-22 10:43:18',19,1),(89,'','2017-03-22 10:44:53',19,11),(90,'','2017-03-22 10:49:03',19,11),(91,'mmmm','2017-03-22 11:29:02',19,1),(92,'ddddd','2017-03-22 11:29:31',19,1),(93,'dtfdyu','2017-03-22 11:29:52',19,1),(94,'','2017-03-22 11:30:23',19,11),(95,'31','2017-03-22 11:32:53',17,1),(96,'1','2017-03-22 11:33:51',20,1),(97,'2','2017-03-22 11:33:58',20,1),(98,'3','2017-03-22 11:34:06',20,1),(99,'','2017-03-22 11:59:31',19,1),(100,'','2017-03-22 11:59:57',18,1),(101,'','2017-03-22 12:00:23',20,1),(102,'','2017-03-22 12:04:02',20,1),(103,'','2017-03-22 12:04:25',19,1),(104,'','2017-03-22 12:04:59',18,1),(105,'','2017-03-22 12:05:10',20,1),(106,'','2017-03-22 12:05:54',20,1),(107,'','2017-03-22 12:13:05',19,1),(108,'','2017-03-22 12:14:05',18,3),(109,'','2017-03-22 12:14:25',18,1),(110,'','2017-03-22 12:14:58',21,3),(111,'','2017-03-22 12:15:13',21,1),(112,'','2017-03-22 12:15:26',21,3),(113,'','2017-03-22 12:16:03',21,1),(114,'','2017-03-22 12:18:25',21,1),(115,'hgdf','2017-03-22 12:19:11',21,11),(116,'','2017-03-22 12:19:36',21,1),(117,'','2017-03-22 12:20:58',19,1),(118,'','2017-03-22 12:22:50',21,1),(119,'hahs','2017-03-22 12:24:22',21,11),(120,'','2017-03-22 12:34:45',21,1),(121,'','2017-03-22 12:35:05',20,1),(122,'','2017-03-22 12:35:41',22,1),(123,'','2017-03-22 12:35:49',22,1),(124,'','2017-03-22 12:37:35',22,1),(125,'','2017-03-22 12:38:30',22,1),(126,'','2017-03-22 12:41:22',22,1),(127,'','2017-03-22 12:41:30',21,1),(128,'haha','2017-03-22 12:42:00',21,11),(129,'5','2017-03-22 12:42:26',21,1),(130,'','2017-03-22 12:44:12',23,11),(131,'','2017-03-22 12:44:36',23,11),(132,'','2017-03-22 12:45:40',23,1),(133,'','2017-03-22 12:45:56',23,11),(134,'','2017-03-22 12:46:13',23,1),(135,'','2017-03-22 12:46:21',23,11),(136,'','2017-03-22 12:46:30',23,1),(137,'','2017-03-22 12:49:42',23,1),(138,'','2017-03-22 12:49:43',23,1),(139,'','2017-03-22 12:49:49',23,1),(140,'','2017-03-22 12:49:58',23,1),(141,'','2017-03-22 12:50:05',23,1),(142,'','2017-03-22 12:51:30',22,1),(143,'','2017-03-22 12:54:55',22,1),(144,'','2017-03-22 12:55:06',22,1),(145,'','2017-03-22 12:55:36',23,1),(146,'','2017-03-22 12:55:48',23,1),(147,'','2017-03-22 12:58:27',23,1),(148,'','2017-03-22 12:59:17',24,1),(149,'','2017-03-22 12:59:24',24,1),(150,'','2017-03-22 12:59:29',24,1),(151,'','2017-03-22 12:59:35',24,1),(152,'','2017-03-22 12:59:52',25,1),(153,'','2017-03-22 13:00:09',25,1),(154,'','2017-03-22 13:00:33',25,11),(155,'11235','2017-03-23 16:16:24',29,1),(156,'','2017-03-23 16:16:32',29,1),(157,'','2017-03-23 16:34:26',29,1),(158,'','2017-03-23 16:35:01',30,1),(159,'','2017-03-23 16:35:59',31,1),(160,'','2017-03-23 16:37:00',31,1),(161,'backlog','2017-03-23 16:38:33',31,11),(162,'','2017-03-23 16:39:20',31,1),(163,'','2017-03-23 16:40:12',32,1),(164,'','2017-03-23 16:44:54',33,1),(165,'','2017-03-23 16:50:41',34,1),(166,'','2017-03-23 17:02:10',37,1),(167,'','2017-03-23 17:07:13',38,1),(168,'','2017-03-23 17:09:34',39,1),(169,'','2017-03-23 17:13:42',40,1),(170,'','2017-03-23 17:13:58',40,1),(171,'','2017-03-23 17:14:20',40,1),(172,'','2017-03-23 17:15:33',40,1),(173,'','2017-03-23 17:15:41',40,1),(174,'','2017-03-23 17:16:12',41,1),(175,'','2017-03-23 17:19:52',42,1),(176,'','2017-03-23 17:22:03',43,1),(177,'','2017-03-23 17:28:35',43,1),(178,'','2017-03-23 17:28:50',44,1),(179,'','2017-03-23 17:29:43',44,1),(180,'','2017-03-23 17:30:04',44,1),(181,'','2017-03-23 17:32:55',44,1),(182,'','2017-03-23 17:33:13',45,1),(183,'','2017-03-23 17:33:57',44,1),(184,'','2017-03-23 17:34:18',46,1),(185,'','2017-03-23 17:37:44',46,1),(186,'','2017-03-23 17:37:50',46,1),(187,'','2017-03-23 17:37:54',46,1),(188,'','2017-03-23 17:38:10',47,1),(189,'','2017-03-23 17:38:41',17,1),(190,'ggjj','2017-03-23 17:39:40',17,11),(191,'','2017-03-23 17:40:02',17,1),(192,'','2017-03-23 17:40:55',17,1),(193,'','2017-03-23 17:41:16',17,1),(194,'','2017-03-23 17:43:47',17,1),(195,'','2017-03-23 17:45:55',17,1),(196,'','2017-03-23 17:46:45',17,1),(197,'','2017-03-23 17:47:36',17,1),(198,'','2017-03-23 17:52:53',47,1),(199,'','2017-03-23 17:53:11',17,1),(200,'','2017-03-23 19:46:26',46,1),(201,'','2017-03-23 19:46:32',46,1),(202,'','2017-03-23 19:46:37',46,1),(203,'','2017-03-23 19:46:44',46,1),(204,'','2017-03-23 19:46:52',46,1),(205,'','2017-03-23 19:46:56',46,1),(206,'','2017-03-23 19:47:02',46,1),(207,'','2017-03-23 21:25:10',0,1),(208,'ndhdhhx','2017-03-24 11:47:26',50,1),(209,'','2017-03-24 12:12:44',51,1),(210,'','2017-03-24 12:12:48',51,1),(211,'asd','2017-03-24 13:25:34',18,1),(212,'adfgghhjjjjjj','2017-03-24 13:27:18',18,1),(213,'admin','2017-03-24 13:32:08',18,1),(214,'zrnme','2017-03-24 13:34:34',18,1),(215,'sfghkkhfsa','2017-03-24 13:38:58',18,1),(216,'dhjjnv','2017-03-24 13:53:37',18,1),(217,'','2017-03-24 13:53:45',18,1),(218,'','2017-03-24 13:54:09',18,1),(219,'','2017-03-24 13:54:20',18,1),(220,'','2017-03-24 14:06:48',58,1),(221,'','2017-03-24 15:10:01',47,1),(222,'null','2017-03-24 15:25:51',60,1),(223,'','2017-03-24 16:47:07',61,1),(224,'','2017-03-24 17:12:18',63,1),(225,'','2017-03-24 17:16:57',64,1),(226,'','2017-03-24 17:22:12',64,14),(227,'','2017-03-24 17:22:34',65,3),(228,'','2017-03-24 17:25:13',65,15),(229,'','2017-03-25 17:05:26',70,1),(230,'','2017-03-25 17:05:31',70,1),(231,'','2017-03-25 17:14:29',72,1),(232,'','2017-03-26 17:20:36',96,1),(233,'','2017-03-26 21:20:35',101,1),(234,'','2017-03-26 21:31:08',102,1),(235,'','2017-03-27 09:29:53',110,15);

/*Table structure for table `exer_content` */

DROP TABLE IF EXISTS `exer_content`;

CREATE TABLE `exer_content` (
  `id` int(11) NOT NULL AUTO_INCREMENT,
  `quest` varchar(500) NOT NULL,
  `a_choose` varchar(255) DEFAULT NULL,
  `b_choose` varchar(255) DEFAULT NULL,
  `c_choose` varchar(255) DEFAULT NULL,
  `d_choose` varchar(255) DEFAULT NULL,
  `answer` varchar(255) DEFAULT NULL,
  `exer_id` int(11) NOT NULL,
  PRIMARY KEY (`id`)
) ENGINE=InnoDB AUTO_INCREMENT=71 DEFAULT CHARSET=utf8;

/*Data for the table `exer_content` */

insert  into `exer_content`(`id`,`quest`,`a_choose`,`b_choose`,`c_choose`,`d_choose`,`answer`,`exer_id`) values (1,'1. Cint','32768','0','037','0xAF','32768',5),(2,'2. ','<=','=','%','&&','%',5),(3,'3.ab','(a>=0||b>=0)&&(a<0||b<0)','(a>=0&&b>=0)&&(a<0&&b<0)','(a+b>0)&&(a+b<=0)','a*b>0','a*b>0',5),(4,'4. xyintx+=yy=x-yx-=y','xy','xy','','xy','xy',5),(5,'5. ','a=b+c=1','n1=(n2=(n3=0))','k=i==j','++t','a=b+c=1',5),(6,'6. ','long','2Test ','3Dmax ','dat','2Test ',5),(7,'7. C','','','','','',5),(8,'8.:printf(\"%d\"(a=2)&&(b= -2)','','','-1','1','1',5),(9,'9.int k=0,a=1,b=2,c=3;k=ab?b:ak=kc?c:k;k ','3','2','1','0','2',5),(10,'10. long x=-123456L;x','printf(\"x=%d\n\",x)','printf(\"x=%ld\n\",x)','printf(\"x=%8dL\n\",x)','printf(\"x=%LD\n\",x)','printf(\"x=%ld\n\",x)',5),(11,'11.main{ double d float f long l int i;i=f=l=d=20/3;printfdldffnilfd}','6 6 6.0 6.0','6 6 6.7 6.7','6 6 6.0 6.7','6 6 6.7 6.0','6 6 6.0 6.0',5),(12,'12. abdoublea=5.5b=2.5(int)a+b/b','6.500000','6','5.500000','6.000000','6.000000',5),(13,'13.#include <stdio.h>main( ){ char c1,c2,c3,c4,c5,c6;scanf(\"%c%c%c%c\",&c1,&c2,&c3,&c4);c5=getchar( ); c6=getchar( );putchar(c1);putchar(c2);printf(\"%c%c\\n\",c5,c6);}(1 )123<CR>45678<CR>','1267','1256','1278','1245','1245',5),(14,'14.  #include main(){ int a,b,c=246; a=c/100%9; b=(-1)&&(-1); printf(\"%d,%d\\n\",a,b);} ','2,1','3,2','4,3','2,-1','2,1',5),(15,'15. #include<stdio.h>main() {charc1,c2; c1=\'A\'+\'8\'-\'4\'; c2=\'A\'+\'8\'-\'5\'; printf(\"%c,%d\\n\",c1,c2); }AASCII65()','E,68','D,69','E,D','','E,68',5),(16,'16. ()','C ','','','','',5),(17,'17. ,()main0{ int i,sum; for(i=1;i<=3;sum++) sum+=i; printf(\"%d\\n\",sum);}','6','3','','0','',5),(18,'18. , \r\nmain()\r\n{ int k=4,n=0;\r\nfor( ; n<k;)\r\n{ n++;\r\nif(n%3!=0) continue;\r\nk--;}\r\nprintf(\"%d,%d\\n\",k,n);}\r\n','1,1','2,2','3,3','4,4','3,3',5),(19,'19. ,main( ){  int i,s=0; for(i=1;i<10;i+=2)  s+=i+1; printf(\"%d\\n\",s);}','19','110','19','110','110',5),(20,'2065 14<>    \r\nmain( )\r\n{int mn;\r\nscanf(\"%d%d\"&m&n);\r\nwhile(m!=n)\r\n{ while(m>n)  m-=n;\r\nwhile(n>m)    n-=m;}\r\nprintf(m=%d\\nm);}\r\n','m=3','m=2','m=1','m=0','m=1',5),(21,'21main( ){ int i,j,x=0;for(i=0;i<2;i++){ x++;for(j=0;j<=3;j++){ if(j%2) continue;x++;}x++;}printf(\"x=%d\\n\",x);}','x=4','x=8','x=6','x=12','x=8',5),(22,'22. 9','11','10','9','8','10',5),(23,'23#include \"stdio.h\"main(){int a=1,b=2;while(a<6){b+=2;a+=2;b%=10;}printf(\"%d,%d\",a,b);}','5,11','7,8','7,11','6,1','7,8',5),(24,'24main(){ int a, b;for(a=1, b=1; a<=100; a++){ if(b>=10) break;if (b%3==1){ b+=3; continue; }}printf(\"%d\\n\",a);}','101','6','5','4','4',5),(25,'25ABCdef<>    \r\n#include<stdio.h>\r\nmain( )\r\n{ char ch;\r\nwhile((ch=getchar( ))!=\\n)\r\n{ if(ch>=A&&ch<=Z) ch=ch+32;\r\nelse if(ch>=a&&ch<z) ch=ch-32;\r\nprintf(%cch);}\r\nprintf(\\n);}\r\n','ABCdef','abcDEF','abC','DEF','abcDEF',5),(26,'26. int m[]={5,4,3,2,1},i=4;m ','m[--i]','m[2*2]','m[m[0]]','m[m[i]]','m[m[0]]',5),(27,'27. int a[2][3]; a    ','a[2][!1]','a[2][3]','a [0][3]','a[1>2][!1]','a[1>2][!1]',5),(28,'28. :    char str[4][12]={\"aaa\",\"bbbb\",\"ccccc\",\"dddddd\"};','strp[0][3]','str[4]','strp[1]','strp[1][4]','strp[1]',5),(29,'29ABC#include \"stdio.h\"#include \"string.h\"main( ){   char ss[10]=\"12345\"gets(ss)strcat(ss\"6789\")printf(\"%s\\n\"ss)}','ABC6789','ABC67','12345ABC6','ABC456789','ABC6789',5),(30,'30a,ifmain(){ int a[11]={6,7,2,9,1,10,5,8,4,3},i;  a[10]=a[0];  for(i=0;i<10;i++)    if(________)  a[10]=a[i];printf(\"%d\\n\",a[10]);  }','a[10]>a[0]','a[10]>a[i]','a[10]<a[0]','a[10]<a[i]','a[10]<a[i]',5),(31,'31. main( ){  int a[3][3]={{12}{34}{56}}ijs=0  for(i=1i<3i++)for(j=0j<=ij++)s+=a[i][j]  printf(\"%d\\n\"s)}','18','19','20','21','18',5),(32,'32.main( ){ int i,p=0,a[10]={1,5,9,0,-3,8,7,0,1,2};  for(i=1;i<10;i++)    if(a[i]<a[p]) p=i;  printf(\"%d,%d\\n\",a[p],p);}','-3,4',' 0,1','9,2','2,9','-3,4',5),(33,'33. :,,,main(){ float x[1000],sum=0.0,ave,a;int n=0,i; printf(\"Enter mark:\\n\");scanf(\"%f\",&a); while(a>=0.0 && n<1000){ sum+=______; x[n]=a; n++;scanf(\"%f\",&a);}ave=________;intf(\"Output :\\n\");  printf(\"ave=%f\\n\",ave);  for(i=0;i<n;i++)if(x[i]<ave) printf(\"%f\\t\",x[i]);}','asum/n','x[n]sum/n','asum/i','asum/1000','asum/n',5),(34,'34.:a,#include <stdio.h>#include <string.h>main(){ char a[]=\"clanguage\",t; int i,j,k; k=strlen(a); for(i=0;i<=k-2;i+=2) for(j=i+2;j<k;________)  if(a[i]>a[j]){t=a[i];a[i]=a[j];a[j]=t;} puts(a);printf(\"\\n\");  }','k=k+1','k=k+2','j+=1','j+=2','j+=2',5),(35,'35. main( ){ char a[]=\"abcdefg\",b[10]=\"abcdefg\";printf(\"%d%d\\n\",sizeof(a),sizeof(b));}','7 7','8 8','8 10','10 10','8 10	',5),(36,'36.  main( ){ char ch[2][5]={\"6937\",\"8254\"};  int i,j;long s=0;  for(i=0;i<2;i++) for(j=0;ch[i][j]>\'\\0\';j++)  s=10*s+ch[i][j]-\'0\'; printf(\"%ld\\n\",s);  }','69825','693825','6385','69378254','69378254',5),(37,'37. china#<>#include<stdio.h>main( ){ int v1=0v2=0;char ch;while((ch=getchar( ))!=#)switch(ch){ case a:;case h:;default: v1++;case 0: v2++; }printf(%d%d\\nv1v2);}','20','50','55','25','55',5),(38,'38. ','C','main','','','main',5),(39,'39. C','','','','','',5),(40,'40. C','float','int','void','double','int',5),(41,'41. C,:','(auto)','(static)','(extern)','(register)','(auto)',5),(42,'42. funvoid fun( void); ','fun','fun','fun','fun','fun',5),(43,'43. func(rec1rec2+rec3(rec4rec5))','3','4','5','','3',5),(44,'44. ','','','','','',5),(45,'45.int func(int aint b){return(a+b)} main( ){  int x=2y=5z=8rr=func(func(xy)z)printf(\"%d\\n\"r)}','10','18','8','15','15',5),(46,'46.void change (int k[ ] ){k[0]=k[5];}main( ){ int x[10]={1,2,3,4,5,6,7,8,9,10},n=0;while (n<=4) {change(&x[n]);n+ +;}for(n=0;n<5;n+ +) printf(\"%d\",x[n]);printf(\"\\n\");} ','6 7 8 9 10','1 3 5 7 9','1 2 3 4 5','6 2 3 4 5','6 7 8 9 10',5),(47,'47.fun(char p[ ][10]){ int n=0,i;for(i=0;i<7;i+ +)if(p[i][0]= = \'T\') n+ +;return n;}main( ){ char str[ ][10]={\"Mon\",\"Tue\",\"Wed\",\"Thu\",\"Fri\",\"Sat\",\"Sun\"};printf(\"%d\\n\",fun(str));}','1','2','3','0','2',5),(48,'48.','','','','	','',5),(49,'49.a  fun( int a[],int n)  { int i,j=0,p;    p=j;    for(i=j;i<n;i++)     if(a[i]<a[p])________;    return (p);  }','i=p','a[p]=a[i]','p=j','p=i','p=i',5),(50,'50.#include\"stdio.h\"void fun(int*a,int n){int t,i,j;for(i=0;i<n-1;i++)for(j=i+1;j<n;j++)if(a[i]<a[j]) {t=a[i];a[i]=a[j];a[j]=t;}}main(){int  c[10]={1,2,3,4,5,6,7,8,9,0},i;fun(c+4,6);for(i=0;i<10;i++) printf(\"%d,\",c[i]);printf(\"\\n\");}','1,2,3,4,5,6,7,8,9,0','0,9,8,7,6,5,1,2,3,4','0,9,8,7,6,5,4,3,2,1','1,2,3,4,9,8,7,6,5,0','1,2,3,4,9,8,7,6,5,0',5),(51,'51.int  i=0,j=1,*p=&i,*q=&j;','i=*&q','i=*&j','p=&*&i','j=*p++','i=*&q',5),(52,'52. int a[10]={0,1,2,3,4,5,6,7,8,9}, *p=aa0<=i<=9','p[i]','	*(*(a+i))','a[p-a]','*(&a[i])','*(*(a+i))',5),(53,'53.int n1=0,n2,*p=&n2,*q=&n1;n2=n1','*p=*q','p=q','*p=&n1','p=*q','*p=*q',5),(54,'54.double a[10],*s=a;a[3]','(*s)[3]','*(s+3)','*s[3]','*s+3','*(s+3)',5),(55,'55.,mint a[2][3]={ {1,2,3},{4,5,6} };int m,*p; p=&a[0][0];m=(*p)*(*(p+2))*(*(p+4));','15	','14','13','12','15	',5),(56,'56.#include <stdio.h>main(){int a[]={1,2,3,4},y,*p=&a[3];--p; y=*p; printf(\"y=%d\\n\",y);}','y=0','y=1','y=2','y=3','y=3',5),(57,'57.f()#include <string.h>void f(char *p[ ],int n){ char *t; int i,j;for(i=0;i<n-1;i+ +)for(j=i+1;j<n;j+ +)if(strcmp(p[i],p[j]>0){t=p[i]; p[i]=p[j], p[j]=t;}}main( ){ char *p[5]={\"abc\",\"aabdfg\",\"abbd\",\"dcdbe\",\"cd\"};f(p,5);printf(\"%d\\n\",strlen(p[1]));}','2','3','6','4','4',5),(58,'58.void fun(int *a, int *b){ int *k;k=a; a=b; b=k;}main(){ int a=3, b=6, *x=&a, *y=&b;fun(x,y);printf(\"%d %d\", a,b);}','6 3','3 6','','0 0','3 6',5),(59,'59.main()  { int  a=1, b=3, c=5;    int  *p1=&a, *p2=&b, *p=&c;    *p =*p1*(*p2);    printf(\"%d\\n\",c);  } ','1','2','3','4','2',5),(60,'60.cl','typedef struct{ int red;int green;int blue;} COLOR;COLOR cl; ','struct color cl { int red;int green; int blue;};','struct color { int red; int green; int blue;  } cl;','struct { int red;int green; int blue;} cl;','struct color cl { int red;int green; int blue;};',5),(61,'61.s','typedef struct abC	{ double achar b[10]} s','struct {double achar b[10] } s','struct ABC { double achar b[10]}ABC s ','typedef ABC { double achar b[10]} ABC s','struct {double achar b[10] } s',5),(62,'62.aunion U{ char st[4];int i;long l;};srtuct A{ int c;union U u;} a;','4','5','6','8','8',5),(63,'63.    struct HAR{ int x, y; struct HAR *p;} h[2];main(){ h[0].x=1;h[0].y=2;h[1].x=3;h[1].y=4;h[0].p=&h[1];h[1].p=&h[0];printf(\"%d %d \\n\",(h[0].p)->x,(h[1].p)->y);}','1 2','2 3','1 4','3 2','3 2',5),(64,'64.struct STD{ char name[10];int age;char sex;} s[5],*ps;ps=&s[0];scanf ','scanf(\"%s\",s[0].name);','scanf(\"%d\",&s[0].age);','scanf(\"%c\",&(ps->sex));','scanf(\"%d\",ps->age);','scanf(\"%d\",ps->age);',5),(65,'65.:typedef union { long i; int k[5]; char c; }DATE;struct date { int cat; DATE cow; double dog; } too;DATE max;printf (\"%d\",sizeof (struct date ) +sizeof(max));','26','52','18','8','52',5),(66,'66.#include<stdio.h>struct stu{ int num;char name[10];int age;};void fun(struct stu *p){ printf(\"%s\\n\",(*p).name); }main(){struc tstu students[3]={ {9801,\"Zhang\",20},{9802,\"Wang\",19},{9803,\"Zhao\",18}};fun(students+2);}','Zhang','Zhao','Wang','18','Zhao',5),(67,'67.()','C ','','\r\n1 \r\n',' ',' ',5),(68,'68.','gets ','getchar ','fputs ','fwrite ','getchar ',5),(69,'69.fp feof(fp)','EOF','0 ','0',NULL,'0 ',5),(70,'70.__#include<studio.h> void main() { int k=11;   printf(\"k=%d,k=%o,k=%x\\n\",k,k,k); }','k=11,k=12,k=11',' k=11,k=13,k=13','k=11,k=013,k=0xb','k=11,k=13,k=b','k=11,k=13,k=b',5);

/*Table structure for table `exercise` */

DROP TABLE IF EXISTS `exercise`;

CREATE TABLE `exercise` (
  `id` int(11) NOT NULL AUTO_INCREMENT,
  `e_name` varchar(25) DEFAULT NULL,
  `e_image` varchar(25) DEFAULT NULL,
  PRIMARY KEY (`id`)
) ENGINE=InnoDB AUTO_INCREMENT=6 DEFAULT CHARSET=utf8;

/*Data for the table `exercise` */

insert  into `exercise`(`id`,`e_name`,`e_image`) values (1,'Android','img/img_proj/img.png'),(2,'JSP/Servlet','img/img_proj/img.png'),(3,'','img/img_proj/img.png'),(4,'SQL server','img/img_proj/img.png'),(5,'C','img/img_proj/img.png');

/*Table structure for table `feedback` */

DROP TABLE IF EXISTS `feedback`;

CREATE TABLE `feedback` (
  `id` int(11) NOT NULL AUTO_INCREMENT COMMENT 'id',
  `feedbackinf` varchar(255) DEFAULT NULL COMMENT '',
  `phone` varchar(30) DEFAULT NULL COMMENT '',
  PRIMARY KEY (`id`)
) ENGINE=InnoDB AUTO_INCREMENT=5 DEFAULT CHARSET=utf8;

/*Data for the table `feedback` */

insert  into `feedback`(`id`,`feedbackinf`,`phone`) values (1,NULL,'17751146615'),(2,NULL,'17751146615'),(3,NULL,'17751146615'),(4,'','17751146615');

/*Table structure for table `forum` */

DROP TABLE IF EXISTS `forum`;
791306

CREATE TABLE `forum` (
  `id` int(11) NOT NULL AUTO_INCREMENT,
  `f_time` varchar(30) DEFAULT NULL,
  `f_title` varchar(255) DEFAULT NULL,
  `f_content` varchar(255) DEFAULT NULL,
  `f_img` varchar(100) DEFAULT NULL COMMENT '',
  `f_times` int(11) unsigned zerofill DEFAULT NULL,
  `user_id` int(11) DEFAULT NULL,
  PRIMARY KEY (`id`)
) ENGINE=InnoDB AUTO_INCREMENT=113 DEFAULT CHARSET=utf8;

/*Data for the table `forum` */

insert  into `forum`(`id`,`f_time`,`f_title`,`f_content`,`f_img`,`f_times`,`user_id`) values (2,'2017-02-10 21:07:00','this is title2','this is content2',NULL,00000000002,2),(18,'2017-03-21 17:41:13','','',NULL,00000000004,3),(19,'2017-03-22 10:33:25','','',NULL,00000000000,10),(21,'2017-03-22 12:14:46','','',NULL,00000000000,3),(65,'2017-03-24 17:20:37','','','img/img_forum/1420170324172038forum.jpg',00000000002,14),(92,'2017-03-25 18:07:13','','',NULL,00000000000,3),(93,'2017-03-25 18:07:51','bug','',NULL,00000000000,3),(101,'2017-03-26 20:29:50','','','img/img_forum/120170326202950forum.jpg',00000000001,1),(102,'2017-03-26 21:29:33','','','img/img_forum/120170326212936forum.jpg',00000000001,1),(104,'2017-03-26 21:39:08','','','img/img_forum/1420170326213909forum.jpg',00000000000,14),(105,'2017-03-26 21:47:18','OK','',NULL,00000000000,14),(106,'2017-03-26 21:47:31','','','img/img_forum/1420170326214732forum.jpg',00000000000,14),(107,'2017-03-26 21:47:41','lz','',NULL,00000000000,14),(108,'2017-03-26 21:48:14','','',NULL,00000000000,14),(109,'2017-03-26 21:48:26','','',NULL,00000000000,14),(112,'2017-03-27 10:53:01','','','img/img_forum/1520170327105301forum.jpg',00000000000,15);

/*Table structure for table `project` */

DROP TABLE IF EXISTS `project`;

CREATE TABLE `project` (
  `id` int(11) NOT NULL AUTO_INCREMENT,
  `pro_name` varchar(25) DEFAULT NULL,
  `pro_image` varchar(100) DEFAULT NULL,
  PRIMARY KEY (`id`)
) ENGINE=InnoDB AUTO_INCREMENT=8 DEFAULT CHARSET=utf8;

/*Data for the table `project` */

insert  into `project`(`id`,`pro_name`,`pro_image`) values (1,'Android','img/img_res/andr_pro_1.jpg'),(2,'C','img/img_res/c_pro_1.jpg'),(3,'JSP/Servlet','img/img_res/jsp_pro_1.jpg'),(4,'','img/img_proj/img.png'),(5,'','img/img_proj/img.png'),(6,'','img/img_proj/img.png'),(7,'','img/img_res/sql_pro_1.jpg');

/*Table structure for table `project_user_progress` */

DROP TABLE IF EXISTS `project_user_progress`;

CREATE TABLE `project_user_progress` (
  `id` int(11) NOT NULL AUTO_INCREMENT,
  `user_id` int(11) NOT NULL COMMENT 'id',
  `proj_id` int(11) NOT NULL COMMENT 'id',
  `sum_progress` int(11) NOT NULL COMMENT '',
  PRIMARY KEY (`id`)
) ENGINE=InnoDB AUTO_INCREMENT=178 DEFAULT CHARSET=utf8;

/*Data for the table `project_user_progress` */

insert  into `project_user_progress`(`id`,`user_id`,`proj_id`,`sum_progress`) values (65,11,1,0),(87,1,1,0),(176,15,5,0),(177,15,2,0);

/*Table structure for table `title_users_progress` */

DROP TABLE IF EXISTS `title_users_progress`;

CREATE TABLE `title_users_progress` (
  `id` int(11) NOT NULL AUTO_INCREMENT,
  `curPro` int(11) NOT NULL COMMENT '',
  `allPro` int(11) NOT NULL COMMENT '',
  `user_id` int(11) NOT NULL COMMENT 'ID',
  `title_id` int(11) NOT NULL COMMENT 'ID',
  `project_id` int(11) NOT NULL COMMENT 'id',
  PRIMARY KEY (`id`)
) ENGINE=InnoDB AUTO_INCREMENT=1460 DEFAULT CHARSET=utf8;

/*Data for the table `title_users_progress` */

insert  into `title_users_progress`(`id`,`curPro`,`allPro`,`user_id`,`title_id`,`project_id`) values (55,51,51,11,1,1),(56,9,35,11,2,1),(57,0,0,11,3,1),(58,0,0,11,4,1),(59,9,57,11,5,1),(308,0,0,1,1,1),(309,0,0,1,2,1),(310,0,0,1,3,1),(311,0,0,1,4,1),(312,0,0,1,5,1),(313,0,0,1,6,1),(314,0,0,1,7,1),(315,0,0,1,8,1),(316,0,0,1,9,1),(317,0,0,1,10,1),(318,0,0,1,11,1),(319,0,0,1,12,1),(320,0,0,1,13,1),(321,0,0,1,14,1),(322,0,0,1,15,1),(323,0,0,1,16,1),(324,0,0,1,17,1),(325,0,0,1,18,1),(326,0,0,1,19,1),(327,0,0,1,20,1),(328,0,0,1,21,1),(329,0,0,1,22,1),(1429,0,0,15,50,5),(1430,0,0,15,51,5),(1431,0,0,15,52,5),(1432,0,0,15,53,5),(1433,0,0,15,54,5),(1434,0,0,15,55,5),(1435,0,0,15,56,5),(1436,0,0,15,57,5),(1437,0,0,15,58,5),(1438,0,0,15,59,5),(1439,0,0,15,60,5),(1440,0,0,15,61,5),(1441,0,0,15,62,5),(1442,0,0,15,63,5),(1443,0,0,15,64,5),(1444,0,0,15,65,5),(1445,0,0,15,66,5),(1446,0,0,15,67,5),(1447,0,0,15,68,5),(1448,0,0,15,69,5),(1449,0,0,15,70,5),(1450,0,0,15,71,5),(1451,0,0,15,72,5),(1452,0,0,15,23,2),(1453,0,0,15,24,2),(1454,0,0,15,25,2),(1455,0,0,15,26,2),(1456,0,0,15,27,2),(1457,0,0,15,28,2),(1458,0,0,15,29,2),(1459,0,0,15,30,2);

/*Table structure for table `user_info` */

DROP TABLE IF EXISTS `user_info`;

CREATE TABLE `user_info` (
  `id` int(11) NOT NULL AUTO_INCREMENT,
  `i_sex` varchar(25) DEFAULT NULL,
  `i_age` int(11) DEFAULT NULL,
  `i_profession` varchar(25) DEFAULT NULL,
  `i_phone` varchar(25) DEFAULT NULL,
  `i_email` varchar(25) DEFAULT NULL,
  `i_constellation` varchar(25) DEFAULT NULL,
  `i_home` varchar(25) DEFAULT NULL,
  `i_description` varchar(255) DEFAULT NULL,
  `user_id` int(11) DEFAULT NULL,
  PRIMARY KEY (`id`)
) ENGINE=InnoDB AUTO_INCREMENT=22 DEFAULT CHARSET=utf8;

/*Data for the table `user_info` */

insert  into `user_info`(`id`,`i_sex`,`i_age`,`i_profession`,`i_phone`,`i_email`,`i_constellation`,`i_home`,`i_description`,`user_id`) values (1,'female',0,'computer','17751146615','female',NULL,'','',1),(2,'',23,'1','1','1','1','1','1',2),(5,NULL,NULL,NULL,NULL,NULL,NULL,NULL,NULL,3),(15,NULL,NULL,NULL,NULL,NULL,NULL,NULL,NULL,9),(16,NULL,NULL,NULL,NULL,NULL,NULL,NULL,NULL,10),(17,NULL,NULL,NULL,NULL,NULL,NULL,NULL,NULL,11),(18,NULL,NULL,NULL,NULL,NULL,NULL,NULL,NULL,12),(19,NULL,NULL,NULL,NULL,NULL,NULL,NULL,NULL,13),(20,NULL,NULL,NULL,NULL,NULL,NULL,NULL,NULL,14),(21,NULL,NULL,NULL,NULL,NULL,NULL,NULL,NULL,15);

/*Table structure for table `users` */

DROP TABLE IF EXISTS `users`;

CREATE TABLE `users` (
  `id` int(11) NOT NULL AUTO_INCREMENT,
  `username` varchar(25) NOT NULL,
  `password` varchar(25) NOT NULL,
  `user_img` varchar(25) DEFAULT NULL,
  `phone` varchar(25) NOT NULL COMMENT '',
  PRIMARY KEY (`id`)
) ENGINE=InnoDB AUTO_INCREMENT=16 DEFAULT CHARSET=utf8;

/*Data for the table `users` */

insert  into `users`(`id`,`username`,`password`,`user_img`,`phone`) values (1,'admin','YWRtaW4=\r\n','img/img_user/1test.jpg','0'),(3,'mazhuang','bWF6aHVhbmc=\r\n','img/img_user/3test.jpg','0'),(14,'','MTk5NTg3\r\n','img/img_user/14test.jpg','18896508205'),(15,'','MTIzNDU2Nzg5MA==\r\n','img/img_user/15test.jpg','17751146615');

/*!40101 SET SQL_MODE=@OLD_SQL_MODE */;
/*!40014 SET FOREIGN_KEY_CHECKS=@OLD_FOREIGN_KEY_CHECKS */;
/*!40014 SET UNIQUE_CHECKS=@OLD_UNIQUE_CHECKS */;
/*!40111 SET SQL_NOTES=@OLD_SQL_NOTES */;
